#
# There is insufficient memory for the Java Runtime Environment to continue.
# Native memory allocation (mmap) failed to map 444596224 bytes. Error detail: G1 virtual space
# Possible reasons:
#   The system is out of physical RAM or swap space
#   This process is running with CompressedOops enabled, and the Java Heap may be blocking the growth of the native heap
# Possible solutions:
#   Reduce memory load on the system
#   Increase physical memory or swap space
#   Check if swap backing store is full
#   Decrease Java heap size (-Xmx/-Xms)
#   Decrease number of Java threads
#   Decrease Java thread stack sizes (-Xss)
#   Set larger code cache with -XX:ReservedCodeCacheSize=
#   JVM is running with Unscaled Compressed Oops mode in which the Java heap is
#     placed in the first 4GB address space. The Java Heap base address is the
#     maximum limit for the native heap growth. Please use -XX:HeapBaseMinAddress
#     to set the Java Heap base and to place the Java Heap above 4GB virtual address.
# This output file may be truncated or incomplete.
#
#  Out of Memory Error (os_windows.cpp:3828), pid=42000, tid=41512
#
# JRE version: OpenJDK Runtime Environment (21.0.5) (build 21.0.5+-12932927-b750.29)
# Java VM: OpenJDK 64-Bit Server VM (21.0.5+-12932927-b750.29, mixed mode, tiered, compressed oops, compressed class ptrs, g1 gc, windows-amd64)
# No core dump will be written. Minidumps are not enabled by default on client versions of Windows
#

---------------  S U M M A R Y ------------

Command Line: --add-opens=java.base/java.lang=ALL-UNNAMED --add-opens=java.base/java.lang.invoke=ALL-UNNAMED --add-opens=java.base/java.util=ALL-UNNAMED --add-opens=java.prefs/java.util.prefs=ALL-UNNAMED --add-exports=jdk.compiler/com.sun.tools.javac.api=ALL-UNNAMED --add-exports=jdk.compiler/com.sun.tools.javac.util=ALL-UNNAMED --add-opens=java.base/java.util=ALL-UNNAMED --add-opens=java.prefs/java.util.prefs=ALL-UNNAMED --add-opens=java.base/java.nio.charset=ALL-UNNAMED --add-opens=java.base/java.net=ALL-UNNAMED --add-opens=java.base/java.util.concurrent.atomic=ALL-UNNAMED --add-opens=java.xml/javax.xml.namespace=ALL-UNNAMED -Xmx2048m -Dfile.encoding=UTF-8 -Duser.country=IN -Duser.language=en -Duser.variant -javaagent:C:\Users\sunil\.gradle\wrapper\dists\gradle-8.11.1-bin\bpt9gzteqjrbo1mjrsomdt32c\gradle-8.11.1\lib\agents\gradle-instrumentation-agent-8.11.1.jar org.gradle.launcher.daemon.bootstrap.GradleDaemon 8.11.1

Host: 11th Gen Intel(R) Core(TM) i5-1135G7 @ 2.40GHz, 8 cores, 23G,  Windows 11 , 64 bit Build 26100 (10.0.26100.6725)
Time: Wed Oct 29 19:57:57 2025 India Standard Time elapsed time: 111.088959 seconds (0d 0h 1m 51s)

---------------  T H R E A D  ---------------

Current thread (0x000002513494dac0):  VMThread "VM Thread"          [id=41512, stack(0x000000d284b00000,0x000000d284c00000) (1024K)]

Stack: [0x000000d284b00000,0x000000d284c00000]
Native frames: (J=compiled Java code, j=interpreted, Vv=VM code, C=native code)
V  [jvm.dll+0x6cfb29]
V  [jvm.dll+0x85ded3]
V  [jvm.dll+0x86042e]
V  [jvm.dll+0x860b13]
V  [jvm.dll+0x27e6b6]
V  [jvm.dll+0x6cc385]
V  [jvm.dll+0x6c078a]
V  [jvm.dll+0x35525b]
V  [jvm.dll+0x35ceb6]
V  [jvm.dll+0x3aedd6]
V  [jvm.dll+0x3af0a8]
V  [jvm.dll+0x32792c]
V  [jvm.dll+0x3279b7]
V  [jvm.dll+0x36d80c]
V  [jvm.dll+0x36bfbe]
V  [jvm.dll+0x327081]
V  [jvm.dll+0x36b6d0]
V  [jvm.dll+0x866898]
V  [jvm.dll+0x867c14]
V  [jvm.dll+0x868150]
V  [jvm.dll+0x8683e3]
V  [jvm.dll+0x806368]
V  [jvm.dll+0x6ce3fd]
C  [ucrtbase.dll+0x37b0]
C  [KERNEL32.DLL+0x2e8d7]
C  [ntdll.dll+0x8c53c]

VM_Operation (0x000000d28aef9e30): G1CollectForAllocation, mode: safepoint, requested by thread 0x000002513fe1c2a0


---------------  P R O C E S S  ---------------

Threads class SMR info:
_java_thread_list=0x0000025145aefc90, length=136, elements={
0x000002511d12ad80, 0x00000251349a6990, 0x00000251349a9f60, 0x00000251349c1080,
0x00000251349c3ae0, 0x00000251349c50a0, 0x00000251349c5af0, 0x00000251349c69a0,
0x00000251349d58e0, 0x0000025134a64760, 0x000002513908f140, 0x000002513aca1010,
0x000002513abf06d0, 0x000002513abc7ca0, 0x000002513ac98960, 0x000002513ac7dc10,
0x000002513ab83580, 0x000002513ae23cc0, 0x000002513af3f910, 0x0000025139c1a700,
0x0000025139c1c7d0, 0x0000025139c1bab0, 0x0000025139c1ad90, 0x0000025139c1b420,
0x0000025139c1c140, 0x000002513dbd7840, 0x000002513dbd5e00, 0x000002513dbd5770,
0x000002513dbd7ed0, 0x000002513dbd9280, 0x000002513dbd8560, 0x000002513dbd6490,
0x000002513dbdc070, 0x000002513dbdcd90, 0x000002513dbdc700, 0x000002513e972e20,
0x000002513e972100, 0x000002513e972790, 0x000002513e9734b0, 0x000002513e973b40,
0x000002513e9741d0, 0x000002513e974860, 0x000002513e9713e0, 0x000002513e974ef0,
0x000002513e971a70, 0x000002513e977ce0, 0x000002513e975580, 0x000002513e9762a0,
0x000002513e976930, 0x000002513e976fc0, 0x000002513e977650, 0x0000025139c1d4f0,
0x000002513c558040, 0x000002513c55b4c0, 0x000002513c558d60, 0x000002513c55cf00,
0x000002513c55f660, 0x000002513bb086e0, 0x000002513bb09a90, 0x000002513bb09400,
0x000002513bb0a120, 0x000002513bb0ae40, 0x000002513bb0b4d0, 0x000002513bb08050,
0x000002513bb0dc30, 0x000002513bb0e2c0, 0x000002513bb0c880, 0x000002513bb0e950,
0x000002513bb0efe0, 0x000002513bb0bb60, 0x000002513bb0f670, 0x000002513bb0cf10,
0x000002513bb0d5a0, 0x000002513bb0c1f0, 0x000002513f32b6b0, 0x000002513f3295e0,
0x000002513f32bd40, 0x000002513f32c3d0, 0x000002513f329c70, 0x000002513f32a300,
0x000002513f32a990, 0x000002513f32e4a0, 0x000002513f32ca60, 0x000002513f32b020,
0x000002513f32f850, 0x000002513f32d0f0, 0x000002513f32f1c0, 0x000002513f32eb30,
0x000002513f32fee0, 0x000002513fe1a860, 0x000002513fe18e20, 0x000002513fe1aef0,
0x000002513fe1c2a0, 0x000002513fe1c930, 0x000002513fe1b580, 0x000002513fe194b0,
0x000002513fe19b40, 0x000002513fe1a1d0, 0x000002513fe1fdb0, 0x000002513fe1ea00,
0x000002513fe20440, 0x000002513fe21160, 0x000002513fe20ad0, 0x000002513fd436d0,
0x000002513fd471e0, 0x000002513fd43d60, 0x000002513fd48590, 0x000002513fd47f00,
0x000002513fd48c20, 0x00000251450a24e0, 0x000002514509fd80, 0x00000251450a1130,
0x00000251450a0aa0, 0x00000251450a3890, 0x00000251450a2b70, 0x00000251450a0410,
0x00000251450a5ff0, 0x00000251450a45b0, 0x00000251450a6680, 0x00000251450a4c40,
0x00000251450a5960, 0x00000251450a73a0, 0x00000251450a3f20, 0x00000251450a9b00,
0x00000251450a7a30, 0x00000251450aa190, 0x00000251456c9a90, 0x00000251456cbb60,
0x00000251456c8d70, 0x00000251456cc880, 0x00000251456c9400, 0x00000251456ccf10,
0x000002513fe1dce0, 0x00000251478370a0, 0x0000025147598170, 0x0000025147598840
}

Java Threads: ( => current thread )
  0x000002511d12ad80 JavaThread "main"                              [_thread_blocked, id=42916, stack(0x000000d284400000,0x000000d284500000) (1024K)]
  0x00000251349a6990 JavaThread "Reference Handler"          daemon [_thread_blocked, id=30992, stack(0x000000d284c00000,0x000000d284d00000) (1024K)]
  0x00000251349a9f60 JavaThread "Finalizer"                  daemon [_thread_blocked, id=44532, stack(0x000000d284d00000,0x000000d284e00000) (1024K)]
  0x00000251349c1080 JavaThread "Signal Dispatcher"          daemon [_thread_blocked, id=29652, stack(0x000000d284e00000,0x000000d284f00000) (1024K)]
  0x00000251349c3ae0 JavaThread "Attach Listener"            daemon [_thread_blocked, id=37484, stack(0x000000d284f00000,0x000000d285000000) (1024K)]
  0x00000251349c50a0 JavaThread "Service Thread"             daemon [_thread_blocked, id=45496, stack(0x000000d285000000,0x000000d285100000) (1024K)]
  0x00000251349c5af0 JavaThread "Monitor Deflation Thread"   daemon [_thread_blocked, id=27104, stack(0x000000d285100000,0x000000d285200000) (1024K)]
  0x00000251349c69a0 JavaThread "C2 CompilerThread0"         daemon [_thread_in_native, id=17072, stack(0x000000d285200000,0x000000d285300000) (1024K)]
  0x00000251349d58e0 JavaThread "C1 CompilerThread0"         daemon [_thread_blocked, id=34236, stack(0x000000d285300000,0x000000d285400000) (1024K)]
  0x0000025134a64760 JavaThread "Common-Cleaner"             daemon [_thread_blocked, id=14260, stack(0x000000d285400000,0x000000d285500000) (1024K)]
  0x000002513908f140 JavaThread "Notification Thread"        daemon [_thread_blocked, id=8732, stack(0x000000d285500000,0x000000d285600000) (1024K)]
  0x000002513aca1010 JavaThread "Daemon health stats"               [_thread_blocked, id=41652, stack(0x000000d285700000,0x000000d285800000) (1024K)]
  0x000002513abf06d0 JavaThread "Incoming local TCP Connector on port 63203"        [_thread_in_native, id=40936, stack(0x000000d285600000,0x000000d285700000) (1024K)]
  0x000002513abc7ca0 JavaThread "Daemon periodic checks"            [_thread_blocked, id=13640, stack(0x000000d285f00000,0x000000d286000000) (1024K)]
  0x000002513ac98960 JavaThread "Daemon"                            [_thread_blocked, id=24736, stack(0x000000d286000000,0x000000d286100000) (1024K)]
  0x000002513ac7dc10 JavaThread "Handler for socket connection from /127.0.0.1:63203 to /127.0.0.1:63204"        [_thread_in_native, id=27044, stack(0x000000d286100000,0x000000d286200000) (1024K)]
  0x000002513ab83580 JavaThread "Cancel handler"                    [_thread_blocked, id=25224, stack(0x000000d286200000,0x000000d286300000) (1024K)]
  0x000002513ae23cc0 JavaThread "Daemon worker"                     [_thread_blocked, id=21444, stack(0x000000d286300000,0x000000d286400000) (1024K)]
  0x000002513af3f910 JavaThread "Asynchronous log dispatcher for DefaultDaemonConnection: socket connection from /127.0.0.1:63203 to /127.0.0.1:63204"        [_thread_blocked, id=21016, stack(0x000000d286400000,0x000000d286500000) (1024K)]
  0x0000025139c1a700 JavaThread "Stdin handler"                     [_thread_blocked, id=42012, stack(0x000000d286500000,0x000000d286600000) (1024K)]
  0x0000025139c1c7d0 JavaThread "Daemon client event forwarder"        [_thread_blocked, id=45328, stack(0x000000d286600000,0x000000d286700000) (1024K)]
  0x0000025139c1bab0 JavaThread "Cache worker for journal cache (C:\Users\sunil\.gradle\caches\journal-1)"        [_thread_blocked, id=44076, stack(0x000000d286800000,0x000000d286900000) (1024K)]
  0x0000025139c1ad90 JavaThread "File lock request listener"        [_thread_in_native, id=23800, stack(0x000000d286900000,0x000000d286a00000) (1024K)]
  0x0000025139c1b420 JavaThread "Cache worker for file hash cache (C:\Users\sunil\.gradle\caches\8.11.1\fileHashes)"        [_thread_blocked, id=37900, stack(0x000000d286b00000,0x000000d286c00000) (1024K)]
  0x0000025139c1c140 JavaThread "Cache worker for file content cache (C:\Users\sunil\.gradle\caches\8.11.1\fileContent)"        [_thread_blocked, id=24328, stack(0x000000d286d00000,0x000000d286e00000) (1024K)]
  0x000002513dbd7840 JavaThread "Cache worker for file hash cache (C:\Users\sunil\AndroidStudioProjects\ApnaBank\.gradle\8.11.1\fileHashes)"        [_thread_blocked, id=45420, stack(0x000000d286e00000,0x000000d286f00000) (1024K)]
  0x000002513dbd5e00 JavaThread "Cache worker for Build Output Cleanup Cache (C:\Users\sunil\AndroidStudioProjects\ApnaBank\.gradle\buildOutputCleanup)"        [_thread_blocked, id=40296, stack(0x000000d286f00000,0x000000d287000000) (1024K)]
  0x000002513dbd5770 JavaThread "File watcher server"        daemon [_thread_blocked, id=27248, stack(0x000000d287000000,0x000000d287100000) (1024K)]
  0x000002513dbd7ed0 JavaThread "File watcher consumer"      daemon [_thread_blocked, id=45344, stack(0x000000d287100000,0x000000d287200000) (1024K)]
  0x000002513dbd9280 JavaThread "Cache worker for checksums cache (C:\Users\sunil\AndroidStudioProjects\ApnaBank\.gradle\8.11.1\checksums)"        [_thread_blocked, id=21348, stack(0x000000d287200000,0x000000d287300000) (1024K)]
  0x000002513dbd8560 JavaThread "Cache worker for cache directory md-rule (C:\Users\sunil\.gradle\caches\8.11.1\md-rule)"        [_thread_blocked, id=29716, stack(0x000000d286c00000,0x000000d286d00000) (1024K)]
  0x000002513dbd6490 JavaThread "Cache worker for cache directory md-supplier (C:\Users\sunil\.gradle\caches\8.11.1\md-supplier)"        [_thread_blocked, id=45704, stack(0x000000d287300000,0x000000d287400000) (1024K)]
  0x000002513dbdc070 JavaThread "Unconstrained build operations"        [_thread_blocked, id=36316, stack(0x000000d286a00000,0x000000d286b00000) (1024K)]
  0x000002513dbdcd90 JavaThread "Unconstrained build operations Thread 2"        [_thread_blocked, id=16440, stack(0x000000d287400000,0x000000d287500000) (1024K)]
  0x000002513dbdc700 JavaThread "Unconstrained build operations Thread 3"        [_thread_blocked, id=46292, stack(0x000000d287500000,0x000000d287600000) (1024K)]
  0x000002513e972e20 JavaThread "Unconstrained build operations Thread 4"        [_thread_blocked, id=45968, stack(0x000000d287600000,0x000000d287700000) (1024K)]
  0x000002513e972100 JavaThread "Unconstrained build operations Thread 5"        [_thread_blocked, id=42816, stack(0x000000d287700000,0x000000d287800000) (1024K)]
  0x000002513e972790 JavaThread "Unconstrained build operations Thread 6"        [_thread_blocked, id=20916, stack(0x000000d287800000,0x000000d287900000) (1024K)]
  0x000002513e9734b0 JavaThread "Unconstrained build operations Thread 7"        [_thread_blocked, id=19940, stack(0x000000d287900000,0x000000d287a00000) (1024K)]
  0x000002513e973b40 JavaThread "Unconstrained build operations Thread 8"        [_thread_blocked, id=13540, stack(0x000000d287b00000,0x000000d287c00000) (1024K)]
  0x000002513e9741d0 JavaThread "Unconstrained build operations Thread 9"        [_thread_blocked, id=37960, stack(0x000000d287c00000,0x000000d287d00000) (1024K)]
  0x000002513e974860 JavaThread "Unconstrained build operations Thread 10"        [_thread_blocked, id=2256, stack(0x000000d287d00000,0x000000d287e00000) (1024K)]
  0x000002513e9713e0 JavaThread "Unconstrained build operations Thread 11"        [_thread_blocked, id=30492, stack(0x000000d287e00000,0x000000d287f00000) (1024K)]
  0x000002513e974ef0 JavaThread "Unconstrained build operations Thread 12"        [_thread_blocked, id=30848, stack(0x000000d287f00000,0x000000d288000000) (1024K)]
  0x000002513e971a70 JavaThread "Unconstrained build operations Thread 13"        [_thread_blocked, id=11968, stack(0x000000d288000000,0x000000d288100000) (1024K)]
  0x000002513e977ce0 JavaThread "Unconstrained build operations Thread 14"        [_thread_blocked, id=21996, stack(0x000000d288100000,0x000000d288200000) (1024K)]
  0x000002513e975580 JavaThread "Unconstrained build operations Thread 15"        [_thread_blocked, id=46524, stack(0x000000d288200000,0x000000d288300000) (1024K)]
  0x000002513e9762a0 JavaThread "Unconstrained build operations Thread 16"        [_thread_blocked, id=18248, stack(0x000000d288300000,0x000000d288400000) (1024K)]
  0x000002513e976930 JavaThread "Unconstrained build operations Thread 17"        [_thread_blocked, id=38852, stack(0x000000d288400000,0x000000d288500000) (1024K)]
  0x000002513e976fc0 JavaThread "Unconstrained build operations Thread 18"        [_thread_blocked, id=47256, stack(0x000000d288500000,0x000000d288600000) (1024K)]
  0x000002513e977650 JavaThread "Unconstrained build operations Thread 19"        [_thread_blocked, id=32996, stack(0x000000d288600000,0x000000d288700000) (1024K)]
  0x0000025139c1d4f0 JavaThread "Unconstrained build operations Thread 20"        [_thread_blocked, id=47860, stack(0x000000d288700000,0x000000d288800000) (1024K)]
  0x000002513c558040 JavaThread "Unconstrained build operations Thread 21"        [_thread_blocked, id=45600, stack(0x000000d288800000,0x000000d288900000) (1024K)]
  0x000002513c55b4c0 JavaThread "build event listener"              [_thread_blocked, id=47188, stack(0x000000d287a00000,0x000000d287b00000) (1024K)]
  0x000002513c558d60 JavaThread "Memory manager"                    [_thread_blocked, id=40036, stack(0x000000d288900000,0x000000d288a00000) (1024K)]
  0x000002513c55cf00 JavaThread "build event listener"              [_thread_blocked, id=24092, stack(0x000000d288a00000,0x000000d288b00000) (1024K)]
  0x000002513c55f660 JavaThread "pool-3-thread-1"                   [_thread_blocked, id=23248, stack(0x000000d288d00000,0x000000d288e00000) (1024K)]
  0x000002513bb086e0 JavaThread "build event listener"              [_thread_blocked, id=40188, stack(0x000000d288e00000,0x000000d288f00000) (1024K)]
  0x000002513bb09a90 JavaThread "included builds"                   [_thread_blocked, id=39392, stack(0x000000d288f00000,0x000000d289000000) (1024K)]
  0x000002513bb09400 JavaThread "Execution worker"                  [_thread_blocked, id=144, stack(0x000000d289000000,0x000000d289100000) (1024K)]
  0x000002513bb0a120 JavaThread "Execution worker Thread 2"         [_thread_blocked, id=15140, stack(0x000000d289100000,0x000000d289200000) (1024K)]
  0x000002513bb0ae40 JavaThread "Execution worker Thread 3"         [_thread_blocked, id=3048, stack(0x000000d289200000,0x000000d289300000) (1024K)]
  0x000002513bb0b4d0 JavaThread "Execution worker Thread 4"         [_thread_blocked, id=44960, stack(0x000000d289300000,0x000000d289400000) (1024K)]
  0x000002513bb08050 JavaThread "Execution worker Thread 5"         [_thread_blocked, id=15028, stack(0x000000d289400000,0x000000d289500000) (1024K)]
  0x000002513bb0dc30 JavaThread "Execution worker Thread 6"         [_thread_blocked, id=34752, stack(0x000000d289500000,0x000000d289600000) (1024K)]
  0x000002513bb0e2c0 JavaThread "Execution worker Thread 7"         [_thread_blocked, id=39704, stack(0x000000d289600000,0x000000d289700000) (1024K)]
  0x000002513bb0c880 JavaThread "Cache worker for execution history cache (C:\Users\sunil\AndroidStudioProjects\ApnaBank\.gradle\8.11.1\executionHistory)"        [_thread_blocked, id=37776, stack(0x000000d289700000,0x000000d289800000) (1024K)]
  0x000002513bb0e950 JavaThread "Unconstrained build operations Thread 22"        [_thread_blocked, id=30864, stack(0x000000d289800000,0x000000d289900000) (1024K)]
  0x000002513bb0efe0 JavaThread "Unconstrained build operations Thread 23"        [_thread_blocked, id=28524, stack(0x000000d289900000,0x000000d289a00000) (1024K)]
  0x000002513bb0bb60 JavaThread "Unconstrained build operations Thread 24"        [_thread_blocked, id=30404, stack(0x000000d289a00000,0x000000d289b00000) (1024K)]
  0x000002513bb0f670 JavaThread "Unconstrained build operations Thread 25"        [_thread_blocked, id=45872, stack(0x000000d289b00000,0x000000d289c00000) (1024K)]
  0x000002513bb0cf10 JavaThread "Unconstrained build operations Thread 26"        [_thread_blocked, id=27936, stack(0x000000d289c00000,0x000000d289d00000) (1024K)]
  0x000002513bb0d5a0 JavaThread "Unconstrained build operations Thread 27"        [_thread_blocked, id=46136, stack(0x000000d289d00000,0x000000d289e00000) (1024K)]
  0x000002513bb0c1f0 JavaThread "Unconstrained build operations Thread 28"        [_thread_blocked, id=41428, stack(0x000000d289e00000,0x000000d289f00000) (1024K)]
  0x000002513f32b6b0 JavaThread "Unconstrained build operations Thread 29"        [_thread_blocked, id=12732, stack(0x000000d289f00000,0x000000d28a000000) (1024K)]
  0x000002513f3295e0 JavaThread "Unconstrained build operations Thread 30"        [_thread_blocked, id=34496, stack(0x000000d28a000000,0x000000d28a100000) (1024K)]
  0x000002513f32bd40 JavaThread "Unconstrained build operations Thread 31"        [_thread_blocked, id=44624, stack(0x000000d28a100000,0x000000d28a200000) (1024K)]
  0x000002513f32c3d0 JavaThread "Unconstrained build operations Thread 32"        [_thread_blocked, id=34228, stack(0x000000d28a200000,0x000000d28a300000) (1024K)]
  0x000002513f329c70 JavaThread "Unconstrained build operations Thread 33"        [_thread_blocked, id=22552, stack(0x000000d28a300000,0x000000d28a400000) (1024K)]
  0x000002513f32a300 JavaThread "Unconstrained build operations Thread 34"        [_thread_blocked, id=48096, stack(0x000000d28a400000,0x000000d28a500000) (1024K)]
  0x000002513f32a990 JavaThread "Unconstrained build operations Thread 35"        [_thread_blocked, id=45088, stack(0x000000d28a500000,0x000000d28a600000) (1024K)]
  0x000002513f32e4a0 JavaThread "Unconstrained build operations Thread 36"        [_thread_blocked, id=42520, stack(0x000000d28a600000,0x000000d28a700000) (1024K)]
  0x000002513f32ca60 JavaThread "Unconstrained build operations Thread 37"        [_thread_blocked, id=44900, stack(0x000000d28a700000,0x000000d28a800000) (1024K)]
  0x000002513f32b020 JavaThread "Unconstrained build operations Thread 38"        [_thread_blocked, id=34192, stack(0x000000d28a800000,0x000000d28a900000) (1024K)]
  0x000002513f32f850 JavaThread "Unconstrained build operations Thread 39"        [_thread_blocked, id=12456, stack(0x000000d28a900000,0x000000d28aa00000) (1024K)]
  0x000002513f32d0f0 JavaThread "Unconstrained build operations Thread 40"        [_thread_blocked, id=24208, stack(0x000000d28aa00000,0x000000d28ab00000) (1024K)]
  0x000002513f32f1c0 JavaThread "Unconstrained build operations Thread 41"        [_thread_blocked, id=33012, stack(0x000000d28ab00000,0x000000d28ac00000) (1024K)]
  0x000002513f32eb30 JavaThread "Unconstrained build operations Thread 42"        [_thread_blocked, id=42272, stack(0x000000d28ac00000,0x000000d28ad00000) (1024K)]
  0x000002513f32fee0 JavaThread "Unconstrained build operations Thread 43"        [_thread_blocked, id=44216, stack(0x000000d28ad00000,0x000000d28ae00000) (1024K)]
  0x000002513fe1a860 JavaThread "Unconstrained build operations Thread 44"        [_thread_blocked, id=24256, stack(0x000000d284300000,0x000000d284400000) (1024K)]
  0x000002513fe18e20 JavaThread "Unconstrained build operations Thread 45"        [_thread_blocked, id=24464, stack(0x000000d288b00000,0x000000d288c00000) (1024K)]
  0x000002513fe1aef0 JavaThread "Unconstrained build operations Thread 46"        [_thread_blocked, id=25304, stack(0x000000d288c00000,0x000000d288d00000) (1024K)]
  0x000002513fe1c2a0 JavaThread "Unconstrained build operations Thread 47"        [_thread_blocked, id=29916, stack(0x000000d28ae00000,0x000000d28af00000) (1024K)]
  0x000002513fe1c930 JavaThread "Unconstrained build operations Thread 48"        [_thread_blocked, id=45176, stack(0x000000d28af00000,0x000000d28b000000) (1024K)]
  0x000002513fe1b580 JavaThread "Unconstrained build operations Thread 49"        [_thread_blocked, id=30260, stack(0x000000d28b000000,0x000000d28b100000) (1024K)]
  0x000002513fe194b0 JavaThread "Unconstrained build operations Thread 50"        [_thread_blocked, id=11816, stack(0x000000d28b100000,0x000000d28b200000) (1024K)]
  0x000002513fe19b40 JavaThread "Unconstrained build operations Thread 51"        [_thread_blocked, id=41184, stack(0x000000d28b400000,0x000000d28b500000) (1024K)]
  0x000002513fe1a1d0 JavaThread "Unconstrained build operations Thread 52"        [_thread_blocked, id=33384, stack(0x000000d28b500000,0x000000d28b600000) (1024K)]
  0x000002513fe1fdb0 JavaThread "Unconstrained build operations Thread 53"        [_thread_blocked, id=17676, stack(0x000000d28b600000,0x000000d28b700000) (1024K)]
  0x000002513fe1ea00 JavaThread "Unconstrained build operations Thread 54"        [_thread_blocked, id=20992, stack(0x000000d28b700000,0x000000d28b800000) (1024K)]
  0x000002513fe20440 JavaThread "Unconstrained build operations Thread 55"        [_thread_blocked, id=28108, stack(0x000000d28b800000,0x000000d28b900000) (1024K)]
  0x000002513fe21160 JavaThread "Unconstrained build operations Thread 56"        [_thread_blocked, id=32636, stack(0x000000d28b900000,0x000000d28ba00000) (1024K)]
  0x000002513fe20ad0 JavaThread "Unconstrained build operations Thread 57"        [_thread_blocked, id=43648, stack(0x000000d28ba00000,0x000000d28bb00000) (1024K)]
  0x000002513fd436d0 JavaThread "WorkerExecutor Queue Thread 2"        [_thread_blocked, id=45568, stack(0x000000d28bb00000,0x000000d28bc00000) (1024K)]
  0x000002513fd471e0 JavaThread "WorkerExecutor Queue Thread 4"        [_thread_blocked, id=23192, stack(0x000000d28bd00000,0x000000d28be00000) (1024K)]
  0x000002513fd43d60 JavaThread "WorkerExecutor Queue Thread 5"        [_thread_blocked, id=40472, stack(0x000000d28be00000,0x000000d28bf00000) (1024K)]
  0x000002513fd48590 JavaThread "WorkerExecutor Queue Thread 6"        [_thread_blocked, id=37912, stack(0x000000d28bf00000,0x000000d28c000000) (1024K)]
  0x000002513fd47f00 JavaThread "WorkerExecutor Queue Thread 7"        [_thread_blocked, id=12108, stack(0x000000d28c000000,0x000000d28c100000) (1024K)]
  0x000002513fd48c20 JavaThread "WorkerExecutor Queue Thread 8"        [_thread_blocked, id=25740, stack(0x000000d28c100000,0x000000d28c200000) (1024K)]
  0x00000251450a24e0 JavaThread "Unconstrained build operations Thread 58"        [_thread_blocked, id=32788, stack(0x000000d28c400000,0x000000d28c500000) (1024K)]
  0x000002514509fd80 JavaThread "Unconstrained build operations Thread 59"        [_thread_blocked, id=27520, stack(0x000000d28c500000,0x000000d28c600000) (1024K)]
  0x00000251450a1130 JavaThread "Unconstrained build operations Thread 60"        [_thread_blocked, id=45844, stack(0x000000d28c600000,0x000000d28c700000) (1024K)]
  0x00000251450a0aa0 JavaThread "Unconstrained build operations Thread 61"        [_thread_blocked, id=2060, stack(0x000000d28c700000,0x000000d28c800000) (1024K)]
  0x00000251450a3890 JavaThread "Unconstrained build operations Thread 62"        [_thread_blocked, id=11340, stack(0x000000d28c800000,0x000000d28c900000) (1024K)]
  0x00000251450a2b70 JavaThread "Unconstrained build operations Thread 63"        [_thread_blocked, id=39116, stack(0x000000d28c900000,0x000000d28ca00000) (1024K)]
  0x00000251450a0410 JavaThread "Unconstrained build operations Thread 64"        [_thread_blocked, id=20828, stack(0x000000d28ca00000,0x000000d28cb00000) (1024K)]
  0x00000251450a5ff0 JavaThread "Unconstrained build operations Thread 65"        [_thread_blocked, id=29896, stack(0x000000d28cb00000,0x000000d28cc00000) (1024K)]
  0x00000251450a45b0 JavaThread "Unconstrained build operations Thread 66"        [_thread_blocked, id=36224, stack(0x000000d28cc00000,0x000000d28cd00000) (1024K)]
  0x00000251450a6680 JavaThread "Unconstrained build operations Thread 67"        [_thread_blocked, id=45164, stack(0x000000d28cd00000,0x000000d28ce00000) (1024K)]
  0x00000251450a4c40 JavaThread "Unconstrained build operations Thread 68"        [_thread_blocked, id=45360, stack(0x000000d28b200000,0x000000d28b300000) (1024K)]
  0x00000251450a5960 JavaThread "Unconstrained build operations Thread 69"        [_thread_blocked, id=41404, stack(0x000000d28ce00000,0x000000d28cf00000) (1024K)]
  0x00000251450a73a0 JavaThread "Unconstrained build operations Thread 70"        [_thread_blocked, id=24844, stack(0x000000d28cf00000,0x000000d28d000000) (1024K)]
  0x00000251450a3f20 JavaThread "Unconstrained build operations Thread 71"        [_thread_blocked, id=21780, stack(0x000000d28d000000,0x000000d28d100000) (1024K)]
  0x00000251450a9b00 JavaThread "Unconstrained build operations Thread 72"        [_thread_blocked, id=8656, stack(0x000000d28d100000,0x000000d28d200000) (1024K)]
  0x00000251450a7a30 JavaThread "Unconstrained build operations Thread 73"        [_thread_blocked, id=16232, stack(0x000000d28d200000,0x000000d28d300000) (1024K)]
  0x00000251450aa190 JavaThread "Unconstrained build operations Thread 74"        [_thread_blocked, id=24064, stack(0x000000d28d300000,0x000000d28d400000) (1024K)]
  0x00000251456c9a90 JavaThread "Unconstrained build operations Thread 75"        [_thread_blocked, id=13096, stack(0x000000d28d500000,0x000000d28d600000) (1024K)]
  0x00000251456cbb60 JavaThread "Unconstrained build operations Thread 76"        [_thread_blocked, id=39060, stack(0x000000d28d600000,0x000000d28d700000) (1024K)]
  0x00000251456c8d70 JavaThread "Unconstrained build operations Thread 77"        [_thread_blocked, id=3468, stack(0x000000d28d700000,0x000000d28d800000) (1024K)]
  0x00000251456cc880 JavaThread "Unconstrained build operations Thread 78"        [_thread_blocked, id=12060, stack(0x000000d28d800000,0x000000d28d900000) (1024K)]
  0x00000251456c9400 JavaThread "Unconstrained build operations Thread 79"        [_thread_blocked, id=32700, stack(0x000000d28d900000,0x000000d28da00000) (1024K)]
  0x00000251456ccf10 JavaThread "Unconstrained build operations Thread 80"        [_thread_blocked, id=24884, stack(0x000000d28da00000,0x000000d28db00000) (1024K)]
  0x000002513fe1dce0 JavaThread "WorkerExecutor Queue Thread 9"        [_thread_blocked, id=2056, stack(0x000000d28d400000,0x000000d28d500000) (1024K)]
  0x00000251478370a0 JavaThread "WorkerExecutor Queue Thread 10"        [_thread_blocked, id=36400, stack(0x000000d28b300000,0x000000d28b400000) (1024K)]
  0x0000025147598170 JavaThread "C2 CompilerThread1"         daemon [_thread_in_native, id=23324, stack(0x000000d284200000,0x000000d284300000) (1024K)]
  0x0000025147598840 JavaThread "C2 CompilerThread2"         daemon [_thread_blocked, id=25388, stack(0x000000d28bc00000,0x000000d28bd00000) (1024K)]
Total: 136

Other Threads:
=>0x000002513494dac0 VMThread "VM Thread"                           [id=41512, stack(0x000000d284b00000,0x000000d284c00000) (1024K)]
  0x00000251348c0da0 WatcherThread "VM Periodic Task Thread"        [id=34464, stack(0x000000d284a00000,0x000000d284b00000) (1024K)]
  0x000002511d184c60 WorkerThread "GC Thread#0"                     [id=47788, stack(0x000000d284500000,0x000000d284600000) (1024K)]
  0x0000025139326e20 WorkerThread "GC Thread#1"                     [id=14588, stack(0x000000d285800000,0x000000d285900000) (1024K)]
  0x00000251392d9550 WorkerThread "GC Thread#2"                     [id=10252, stack(0x000000d285900000,0x000000d285a00000) (1024K)]
  0x00000251392d98f0 WorkerThread "GC Thread#3"                     [id=46156, stack(0x000000d285a00000,0x000000d285b00000) (1024K)]
  0x00000251395d5020 WorkerThread "GC Thread#4"                     [id=45280, stack(0x000000d285b00000,0x000000d285c00000) (1024K)]
  0x00000251395d53c0 WorkerThread "GC Thread#5"                     [id=27796, stack(0x000000d285c00000,0x000000d285d00000) (1024K)]
  0x00000251394dbc80 WorkerThread "GC Thread#6"                     [id=46472, stack(0x000000d285d00000,0x000000d285e00000) (1024K)]
  0x00000251394dc020 WorkerThread "GC Thread#7"                     [id=39884, stack(0x000000d285e00000,0x000000d285f00000) (1024K)]
  0x000002511d195b50 ConcurrentGCThread "G1 Main Marker"            [id=45876, stack(0x000000d284600000,0x000000d284700000) (1024K)]
  0x000002511d1973a0 WorkerThread "G1 Conc#0"                       [id=13248, stack(0x000000d284700000,0x000000d284800000) (1024K)]
  0x000002513a1210a0 WorkerThread "G1 Conc#1"                       [id=33700, stack(0x000000d286700000,0x000000d286800000) (1024K)]
  0x000002513478fbe0 ConcurrentGCThread "G1 Refine#0"               [id=9128, stack(0x000000d284800000,0x000000d284900000) (1024K)]
  0x0000025134790400 ConcurrentGCThread "G1 Service"                [id=6832, stack(0x000000d284900000,0x000000d284a00000) (1024K)]
Total: 15

Threads with active compile tasks:
C2 CompilerThread0  111194 29096       4       com.android.tools.r8.ir.optimize.z::a (1439 bytes)
C2 CompilerThread1  111194 29001       4       com.android.tools.r8.internal.IR::a (2004 bytes)
C2 CompilerThread2  111194 29087       4       com.android.tools.r8.internal.Ed::a (4363 bytes)
Total: 3

VM state: at safepoint (normal execution)

VM Mutex/Monitor currently owned by a thread:  ([mutex/lock_event])
[0x00007ffa2b84d360] Threads_lock - owner thread: 0x000002513494dac0
[0x00007ffa2b84d460] Heap_lock - owner thread: 0x000002513fe1c2a0

Heap address: 0x0000000080000000, size: 2048 MB, Compressed Oops mode: 32-bit

CDS archive(s) not mapped
Compressed class space mapped at: 0x0000000100000000-0x0000000140000000, reserved size: 1073741824
Narrow klass base: 0x0000000000000000, Narrow klass shift: 3, Narrow klass range: 0x140000000

GC Precious Log:
 CardTable entry size: 512
 Card Set container configuration: InlinePtr #cards 5 size 8 Array Of Cards #cards 12 size 40 Howl #buckets 4 coarsen threshold 1843 Howl Bitmap #cards 512 size 80 coarsen threshold 460 Card regions per heap region 1 cards per card region 2048
 CPUs: 8 total, 8 available
 Memory: 24257M
 Large Page Support: Disabled
 NUMA Support: Disabled
 Compressed Oops: Enabled (32-bit)
 Heap Region Size: 1M
 Heap Min Capacity: 8M
 Heap Initial Capacity: 380M
 Heap Max Capacity: 2G
 Pre-touch: Disabled
 Parallel Workers: 8
 Concurrent Workers: 2
 Concurrent Refinement Workers: 8
 Periodic GC: Disabled

Heap:
 garbage-first heap   total 429056K, used 269182K [0x0000000080000000, 0x0000000100000000)
  region size 1024K, 17 young (17408K), 17 survivors (17408K)
 Metaspace       used 161550K, committed 164096K, reserved 1245184K
  class space    used 21081K, committed 22336K, reserved 1048576K

Heap Regions: E=young(eden), S=young(survivor), O=old, HS=humongous(starts), HC=humongous(continues), CS=collection set, F=free, TAMS=top-at-mark-start, PB=parsable bottom
|   0|0x0000000080000000, 0x0000000080100000, 0x0000000080100000|100%| O|  |TAMS 0x0000000080000000| PB 0x0000000080000000| Untracked 
|   1|0x0000000080100000, 0x0000000080200000, 0x0000000080200000|100%|HS|  |TAMS 0x0000000080100000| PB 0x0000000080100000| Complete 
|   2|0x0000000080200000, 0x0000000080300000, 0x0000000080300000|100%|HC|  |TAMS 0x0000000080200000| PB 0x0000000080200000| Complete 
|   3|0x0000000080300000, 0x0000000080400000, 0x0000000080400000|100%|HC|  |TAMS 0x0000000080300000| PB 0x0000000080300000| Complete 
|   4|0x0000000080400000, 0x0000000080500000, 0x0000000080500000|100%| O|  |TAMS 0x0000000080400000| PB 0x0000000080400000| Untracked 
|   5|0x0000000080500000, 0x0000000080600000, 0x0000000080600000|100%| O|  |TAMS 0x0000000080500000| PB 0x0000000080500000| Untracked 
|   6|0x0000000080600000, 0x0000000080700000, 0x0000000080700000|100%| O|  |TAMS 0x0000000080600000| PB 0x0000000080600000| Untracked 
|   7|0x0000000080700000, 0x0000000080800000, 0x0000000080800000|100%|HS|  |TAMS 0x0000000080700000| PB 0x0000000080700000| Complete 
|   8|0x0000000080800000, 0x0000000080900000, 0x0000000080900000|100%| O|  |TAMS 0x0000000080800000| PB 0x0000000080800000| Untracked 
|   9|0x0000000080900000, 0x0000000080a00000, 0x0000000080a00000|100%| O|  |TAMS 0x0000000080900000| PB 0x0000000080900000| Untracked 
|  10|0x0000000080a00000, 0x0000000080b00000, 0x0000000080b00000|100%| O|  |TAMS 0x0000000080a00000| PB 0x0000000080a00000| Untracked 
|  11|0x0000000080b00000, 0x0000000080c00000, 0x0000000080c00000|100%| O|  |TAMS 0x0000000080b00000| PB 0x0000000080b00000| Untracked 
|  12|0x0000000080c00000, 0x0000000080d00000, 0x0000000080d00000|100%| O|  |TAMS 0x0000000080c00000| PB 0x0000000080c00000| Untracked 
|  13|0x0000000080d00000, 0x0000000080e00000, 0x0000000080e00000|100%| O|  |TAMS 0x0000000080d00000| PB 0x0000000080d00000| Untracked 
|  14|0x0000000080e00000, 0x0000000080f00000, 0x0000000080f00000|100%| O|  |TAMS 0x0000000080e00000| PB 0x0000000080e00000| Untracked 
|  15|0x0000000080f00000, 0x0000000081000000, 0x0000000081000000|100%| O|  |TAMS 0x0000000080f00000| PB 0x0000000080f00000| Untracked 
|  16|0x0000000081000000, 0x0000000081100000, 0x0000000081100000|100%| O|  |TAMS 0x0000000081000000| PB 0x0000000081000000| Untracked 
|  17|0x0000000081100000, 0x0000000081200000, 0x0000000081200000|100%| O|  |TAMS 0x0000000081100000| PB 0x0000000081100000| Untracked 
|  18|0x0000000081200000, 0x0000000081300000, 0x0000000081300000|100%| O|  |TAMS 0x0000000081200000| PB 0x0000000081200000| Untracked 
|  19|0x0000000081300000, 0x0000000081400000, 0x0000000081400000|100%| O|  |TAMS 0x0000000081300000| PB 0x0000000081300000| Untracked 
|  20|0x0000000081400000, 0x0000000081500000, 0x0000000081500000|100%| O|  |TAMS 0x0000000081400000| PB 0x0000000081400000| Untracked 
|  21|0x0000000081500000, 0x0000000081600000, 0x0000000081600000|100%| O|  |TAMS 0x0000000081500000| PB 0x0000000081500000| Untracked 
|  22|0x0000000081600000, 0x0000000081700000, 0x0000000081700000|100%| O|  |TAMS 0x0000000081600000| PB 0x0000000081600000| Untracked 
|  23|0x0000000081700000, 0x0000000081800000, 0x0000000081800000|100%| O|  |TAMS 0x0000000081700000| PB 0x0000000081700000| Untracked 
|  24|0x0000000081800000, 0x0000000081900000, 0x0000000081900000|100%| O|  |TAMS 0x0000000081800000| PB 0x0000000081800000| Untracked 
|  25|0x0000000081900000, 0x0000000081a00000, 0x0000000081a00000|100%| O|  |TAMS 0x0000000081900000| PB 0x0000000081900000| Untracked 
|  26|0x0000000081a00000, 0x0000000081b00000, 0x0000000081b00000|100%| O|  |TAMS 0x0000000081a00000| PB 0x0000000081a00000| Untracked 
|  27|0x0000000081b00000, 0x0000000081c00000, 0x0000000081c00000|100%| O|  |TAMS 0x0000000081b00000| PB 0x0000000081b00000| Untracked 
|  28|0x0000000081c00000, 0x0000000081d00000, 0x0000000081d00000|100%| O|  |TAMS 0x0000000081c00000| PB 0x0000000081c00000| Untracked 
|  29|0x0000000081d00000, 0x0000000081e00000, 0x0000000081e00000|100%| O|  |TAMS 0x0000000081d00000| PB 0x0000000081d00000| Untracked 
|  30|0x0000000081e00000, 0x0000000081f00000, 0x0000000081f00000|100%|HS|  |TAMS 0x0000000081e00000| PB 0x0000000081e00000| Complete 
|  31|0x0000000081f00000, 0x0000000082000000, 0x0000000082000000|100%| O|  |TAMS 0x0000000081f00000| PB 0x0000000081f00000| Untracked 
|  32|0x0000000082000000, 0x0000000082100000, 0x0000000082100000|100%| O|  |TAMS 0x0000000082000000| PB 0x0000000082000000| Untracked 
|  33|0x0000000082100000, 0x0000000082200000, 0x0000000082200000|100%| O|  |TAMS 0x0000000082100000| PB 0x0000000082100000| Untracked 
|  34|0x0000000082200000, 0x0000000082300000, 0x0000000082300000|100%| O|  |TAMS 0x0000000082200000| PB 0x0000000082200000| Untracked 
|  35|0x0000000082300000, 0x0000000082400000, 0x0000000082400000|100%| O|  |TAMS 0x0000000082300000| PB 0x0000000082300000| Untracked 
|  36|0x0000000082400000, 0x0000000082500000, 0x0000000082500000|100%|HS|  |TAMS 0x0000000082400000| PB 0x0000000082400000| Complete 
|  37|0x0000000082500000, 0x0000000082600000, 0x0000000082600000|100%| O|  |TAMS 0x0000000082500000| PB 0x0000000082500000| Untracked 
|  38|0x0000000082600000, 0x0000000082700000, 0x0000000082700000|100%| O|  |TAMS 0x0000000082600000| PB 0x0000000082600000| Untracked 
|  39|0x0000000082700000, 0x0000000082800000, 0x0000000082800000|100%| O|  |TAMS 0x0000000082700000| PB 0x0000000082700000| Untracked 
|  40|0x0000000082800000, 0x0000000082900000, 0x0000000082900000|100%| O|  |TAMS 0x0000000082800000| PB 0x0000000082800000| Untracked 
|  41|0x0000000082900000, 0x0000000082a00000, 0x0000000082a00000|100%| O|  |TAMS 0x0000000082900000| PB 0x0000000082900000| Untracked 
|  42|0x0000000082a00000, 0x0000000082b00000, 0x0000000082b00000|100%| O|  |TAMS 0x0000000082a00000| PB 0x0000000082a00000| Untracked 
|  43|0x0000000082b00000, 0x0000000082c00000, 0x0000000082c00000|100%| O|  |TAMS 0x0000000082b00000| PB 0x0000000082b00000| Untracked 
|  44|0x0000000082c00000, 0x0000000082d00000, 0x0000000082d00000|100%| O|  |TAMS 0x0000000082c00000| PB 0x0000000082c00000| Untracked 
|  45|0x0000000082d00000, 0x0000000082e00000, 0x0000000082e00000|100%| O|  |TAMS 0x0000000082d00000| PB 0x0000000082d00000| Untracked 
|  46|0x0000000082e00000, 0x0000000082f00000, 0x0000000082f00000|100%| O|  |TAMS 0x0000000082e00000| PB 0x0000000082e00000| Untracked 
|  47|0x0000000082f00000, 0x0000000083000000, 0x0000000083000000|100%| O|  |TAMS 0x0000000082f00000| PB 0x0000000082f00000| Untracked 
|  48|0x0000000083000000, 0x0000000083100000, 0x0000000083100000|100%| O|  |TAMS 0x0000000083000000| PB 0x0000000083000000| Untracked 
|  49|0x0000000083100000, 0x0000000083200000, 0x0000000083200000|100%| O|  |TAMS 0x0000000083100000| PB 0x0000000083100000| Untracked 
|  50|0x0000000083200000, 0x0000000083300000, 0x0000000083300000|100%| O|  |TAMS 0x0000000083200000| PB 0x0000000083200000| Untracked 
|  51|0x0000000083300000, 0x0000000083400000, 0x0000000083400000|100%|HS|  |TAMS 0x0000000083300000| PB 0x0000000083300000| Complete 
|  52|0x0000000083400000, 0x0000000083500000, 0x0000000083500000|100%|HC|  |TAMS 0x0000000083400000| PB 0x0000000083400000| Complete 
|  53|0x0000000083500000, 0x0000000083600000, 0x0000000083600000|100%|HS|  |TAMS 0x0000000083500000| PB 0x0000000083500000| Complete 
|  54|0x0000000083600000, 0x0000000083700000, 0x0000000083700000|100%|HC|  |TAMS 0x0000000083600000| PB 0x0000000083600000| Complete 
|  55|0x0000000083700000, 0x0000000083800000, 0x0000000083800000|100%|HS|  |TAMS 0x0000000083700000| PB 0x0000000083700000| Complete 
|  56|0x0000000083800000, 0x0000000083900000, 0x0000000083900000|100%|HS|  |TAMS 0x0000000083800000| PB 0x0000000083800000| Complete 
|  57|0x0000000083900000, 0x0000000083a00000, 0x0000000083a00000|100%|HS|  |TAMS 0x0000000083900000| PB 0x0000000083900000| Complete 
|  58|0x0000000083a00000, 0x0000000083b00000, 0x0000000083b00000|100%|HS|  |TAMS 0x0000000083a00000| PB 0x0000000083a00000| Complete 
|  59|0x0000000083b00000, 0x0000000083c00000, 0x0000000083c00000|100%| O|  |TAMS 0x0000000083b00000| PB 0x0000000083b00000| Untracked 
|  60|0x0000000083c00000, 0x0000000083d00000, 0x0000000083d00000|100%|HS|  |TAMS 0x0000000083c00000| PB 0x0000000083c00000| Complete 
|  61|0x0000000083d00000, 0x0000000083e00000, 0x0000000083e00000|100%|HC|  |TAMS 0x0000000083d00000| PB 0x0000000083d00000| Complete 
|  62|0x0000000083e00000, 0x0000000083f00000, 0x0000000083f00000|100%|HC|  |TAMS 0x0000000083e00000| PB 0x0000000083e00000| Complete 
|  63|0x0000000083f00000, 0x0000000084000000, 0x0000000084000000|100%| O|  |TAMS 0x0000000083f00000| PB 0x0000000083f00000| Untracked 
|  64|0x0000000084000000, 0x0000000084100000, 0x0000000084100000|100%|HS|  |TAMS 0x0000000084000000| PB 0x0000000084000000| Complete 
|  65|0x0000000084100000, 0x0000000084200000, 0x0000000084200000|100%|HC|  |TAMS 0x0000000084100000| PB 0x0000000084100000| Complete 
|  66|0x0000000084200000, 0x0000000084300000, 0x0000000084300000|100%|HC|  |TAMS 0x0000000084200000| PB 0x0000000084200000| Complete 
|  67|0x0000000084300000, 0x0000000084400000, 0x0000000084400000|100%| O|  |TAMS 0x0000000084300000| PB 0x0000000084300000| Untracked 
|  68|0x0000000084400000, 0x0000000084500000, 0x0000000084500000|100%| O|  |TAMS 0x0000000084400000| PB 0x0000000084400000| Untracked 
|  69|0x0000000084500000, 0x0000000084600000, 0x0000000084600000|100%| O|  |TAMS 0x0000000084500000| PB 0x0000000084500000| Untracked 
|  70|0x0000000084600000, 0x0000000084700000, 0x0000000084700000|100%| O|  |TAMS 0x0000000084600000| PB 0x0000000084600000| Untracked 
|  71|0x0000000084700000, 0x0000000084800000, 0x0000000084800000|100%| O|  |TAMS 0x0000000084700000| PB 0x0000000084700000| Untracked 
|  72|0x0000000084800000, 0x0000000084900000, 0x0000000084900000|100%| O|  |TAMS 0x0000000084800000| PB 0x0000000084800000| Untracked 
|  73|0x0000000084900000, 0x0000000084a00000, 0x0000000084a00000|100%| O|  |TAMS 0x0000000084900000| PB 0x0000000084900000| Untracked 
|  74|0x0000000084a00000, 0x0000000084b00000, 0x0000000084b00000|100%| O|  |TAMS 0x0000000084a00000| PB 0x0000000084a00000| Untracked 
|  75|0x0000000084b00000, 0x0000000084c00000, 0x0000000084c00000|100%| O|  |TAMS 0x0000000084b00000| PB 0x0000000084b00000| Untracked 
|  76|0x0000000084c00000, 0x0000000084d00000, 0x0000000084d00000|100%| O|  |TAMS 0x0000000084c00000| PB 0x0000000084c00000| Untracked 
|  77|0x0000000084d00000, 0x0000000084e00000, 0x0000000084e00000|100%| O|  |TAMS 0x0000000084d00000| PB 0x0000000084d00000| Untracked 
|  78|0x0000000084e00000, 0x0000000084f00000, 0x0000000084f00000|100%| O|  |TAMS 0x0000000084e00000| PB 0x0000000084e00000| Untracked 
|  79|0x0000000084f00000, 0x0000000085000000, 0x0000000085000000|100%|HS|  |TAMS 0x0000000084f00000| PB 0x0000000084f00000| Complete 
|  80|0x0000000085000000, 0x0000000085100000, 0x0000000085100000|100%| O|  |TAMS 0x0000000085000000| PB 0x0000000085000000| Untracked 
|  81|0x0000000085100000, 0x0000000085200000, 0x0000000085200000|100%| O|  |TAMS 0x0000000085100000| PB 0x0000000085100000| Untracked 
|  82|0x0000000085200000, 0x0000000085300000, 0x0000000085300000|100%| O|  |TAMS 0x0000000085200000| PB 0x0000000085200000| Untracked 
|  83|0x0000000085300000, 0x0000000085400000, 0x0000000085400000|100%| O|  |TAMS 0x0000000085300000| PB 0x0000000085300000| Untracked 
|  84|0x0000000085400000, 0x0000000085500000, 0x0000000085500000|100%| O|  |TAMS 0x0000000085400000| PB 0x0000000085400000| Untracked 
|  85|0x0000000085500000, 0x0000000085600000, 0x0000000085600000|100%| O|  |TAMS 0x0000000085500000| PB 0x0000000085500000| Untracked 
|  86|0x0000000085600000, 0x0000000085700000, 0x0000000085700000|100%| O|  |TAMS 0x0000000085600000| PB 0x0000000085600000| Untracked 
|  87|0x0000000085700000, 0x0000000085800000, 0x0000000085800000|100%| O|  |TAMS 0x0000000085700000| PB 0x0000000085700000| Untracked 
|  88|0x0000000085800000, 0x0000000085900000, 0x0000000085900000|100%| O|  |TAMS 0x0000000085800000| PB 0x0000000085800000| Untracked 
|  89|0x0000000085900000, 0x0000000085a00000, 0x0000000085a00000|100%| O|  |TAMS 0x0000000085900000| PB 0x0000000085900000| Untracked 
|  90|0x0000000085a00000, 0x0000000085b00000, 0x0000000085b00000|100%| O|  |TAMS 0x0000000085a00000| PB 0x0000000085a00000| Untracked 
|  91|0x0000000085b00000, 0x0000000085c00000, 0x0000000085c00000|100%| O|  |TAMS 0x0000000085b00000| PB 0x0000000085b00000| Untracked 
|  92|0x0000000085c00000, 0x0000000085d00000, 0x0000000085d00000|100%| O|  |TAMS 0x0000000085c00000| PB 0x0000000085c00000| Untracked 
|  93|0x0000000085d00000, 0x0000000085e00000, 0x0000000085e00000|100%| O|  |TAMS 0x0000000085d00000| PB 0x0000000085d00000| Untracked 
|  94|0x0000000085e00000, 0x0000000085f00000, 0x0000000085f00000|100%| O|  |TAMS 0x0000000085e00000| PB 0x0000000085e00000| Untracked 
|  95|0x0000000085f00000, 0x0000000086000000, 0x0000000086000000|100%| O|  |TAMS 0x0000000085f00000| PB 0x0000000085f00000| Untracked 
|  96|0x0000000086000000, 0x0000000086100000, 0x0000000086100000|100%| O|  |TAMS 0x0000000086000000| PB 0x0000000086000000| Untracked 
|  97|0x0000000086100000, 0x0000000086200000, 0x0000000086200000|100%| O|  |TAMS 0x0000000086100000| PB 0x0000000086100000| Untracked 
|  98|0x0000000086200000, 0x0000000086300000, 0x0000000086300000|100%| O|  |TAMS 0x0000000086200000| PB 0x0000000086200000| Untracked 
|  99|0x0000000086300000, 0x0000000086400000, 0x0000000086400000|100%| O|  |TAMS 0x0000000086300000| PB 0x0000000086300000| Untracked 
| 100|0x0000000086400000, 0x0000000086500000, 0x0000000086500000|100%| O|  |TAMS 0x0000000086400000| PB 0x0000000086400000| Untracked 
| 101|0x0000000086500000, 0x0000000086600000, 0x0000000086600000|100%| O|  |TAMS 0x0000000086500000| PB 0x0000000086500000| Untracked 
| 102|0x0000000086600000, 0x0000000086700000, 0x0000000086700000|100%| O|  |TAMS 0x0000000086600000| PB 0x0000000086600000| Untracked 
| 103|0x0000000086700000, 0x0000000086800000, 0x0000000086800000|100%| O|  |TAMS 0x0000000086700000| PB 0x0000000086700000| Untracked 
| 104|0x0000000086800000, 0x0000000086900000, 0x0000000086900000|100%| O|  |TAMS 0x0000000086800000| PB 0x0000000086800000| Untracked 
| 105|0x0000000086900000, 0x0000000086a00000, 0x0000000086a00000|100%| O|  |TAMS 0x0000000086900000| PB 0x0000000086900000| Untracked 
| 106|0x0000000086a00000, 0x0000000086b00000, 0x0000000086b00000|100%| O|  |TAMS 0x0000000086a00000| PB 0x0000000086a00000| Untracked 
| 107|0x0000000086b00000, 0x0000000086c00000, 0x0000000086c00000|100%| O|  |TAMS 0x0000000086b00000| PB 0x0000000086b00000| Untracked 
| 108|0x0000000086c00000, 0x0000000086d00000, 0x0000000086d00000|100%| O|  |TAMS 0x0000000086c00000| PB 0x0000000086c00000| Untracked 
| 109|0x0000000086d00000, 0x0000000086e00000, 0x0000000086e00000|100%| O|  |TAMS 0x0000000086d00000| PB 0x0000000086d00000| Untracked 
| 110|0x0000000086e00000, 0x0000000086f00000, 0x0000000086f00000|100%| O|  |TAMS 0x0000000086e00000| PB 0x0000000086e00000| Untracked 
| 111|0x0000000086f00000, 0x0000000087000000, 0x0000000087000000|100%| O|  |TAMS 0x0000000086f00000| PB 0x0000000086f00000| Untracked 
| 112|0x0000000087000000, 0x0000000087100000, 0x0000000087100000|100%| O|  |TAMS 0x0000000087000000| PB 0x0000000087000000| Untracked 
| 113|0x0000000087100000, 0x0000000087200000, 0x0000000087200000|100%| O|  |TAMS 0x0000000087100000| PB 0x0000000087100000| Untracked 
| 114|0x0000000087200000, 0x0000000087300000, 0x0000000087300000|100%| O|  |TAMS 0x0000000087200000| PB 0x0000000087200000| Untracked 
| 115|0x0000000087300000, 0x0000000087400000, 0x0000000087400000|100%| O|  |TAMS 0x0000000087300000| PB 0x0000000087300000| Untracked 
| 116|0x0000000087400000, 0x0000000087500000, 0x0000000087500000|100%| O|  |TAMS 0x0000000087400000| PB 0x0000000087400000| Untracked 
| 117|0x0000000087500000, 0x0000000087600000, 0x0000000087600000|100%| O|  |TAMS 0x0000000087500000| PB 0x0000000087500000| Untracked 
| 118|0x0000000087600000, 0x0000000087700000, 0x0000000087700000|100%| O|  |TAMS 0x0000000087600000| PB 0x0000000087600000| Untracked 
| 119|0x0000000087700000, 0x0000000087800000, 0x0000000087800000|100%| O|  |TAMS 0x0000000087700000| PB 0x0000000087700000| Untracked 
| 120|0x0000000087800000, 0x0000000087900000, 0x0000000087900000|100%| O|  |TAMS 0x0000000087800000| PB 0x0000000087800000| Untracked 
| 121|0x0000000087900000, 0x0000000087a00000, 0x0000000087a00000|100%| O|  |TAMS 0x0000000087900000| PB 0x0000000087900000| Untracked 
| 122|0x0000000087a00000, 0x0000000087b00000, 0x0000000087b00000|100%| O|  |TAMS 0x0000000087a00000| PB 0x0000000087a00000| Untracked 
| 123|0x0000000087b00000, 0x0000000087c00000, 0x0000000087c00000|100%| O|  |TAMS 0x0000000087b00000| PB 0x0000000087b00000| Untracked 
| 124|0x0000000087c00000, 0x0000000087d00000, 0x0000000087d00000|100%| O|  |TAMS 0x0000000087c00000| PB 0x0000000087c00000| Untracked 
| 125|0x0000000087d00000, 0x0000000087e00000, 0x0000000087e00000|100%| O|  |TAMS 0x0000000087d00000| PB 0x0000000087d00000| Untracked 
| 126|0x0000000087e00000, 0x0000000087f00000, 0x0000000087f00000|100%| O|  |TAMS 0x0000000087e00000| PB 0x0000000087e00000| Untracked 
| 127|0x0000000087f00000, 0x0000000088000000, 0x0000000088000000|100%| O|  |TAMS 0x0000000087f00000| PB 0x0000000087f00000| Untracked 
| 128|0x0000000088000000, 0x0000000088100000, 0x0000000088100000|100%| O|  |TAMS 0x0000000088000000| PB 0x0000000088000000| Untracked 
| 129|0x0000000088100000, 0x0000000088200000, 0x0000000088200000|100%| O|  |TAMS 0x0000000088100000| PB 0x0000000088100000| Untracked 
| 130|0x0000000088200000, 0x0000000088300000, 0x0000000088300000|100%| O|  |TAMS 0x0000000088200000| PB 0x0000000088200000| Untracked 
| 131|0x0000000088300000, 0x0000000088400000, 0x0000000088400000|100%| O|  |TAMS 0x0000000088300000| PB 0x0000000088300000| Untracked 
| 132|0x0000000088400000, 0x0000000088500000, 0x0000000088500000|100%| O|  |TAMS 0x0000000088400000| PB 0x0000000088400000| Untracked 
| 133|0x0000000088500000, 0x0000000088600000, 0x0000000088600000|100%| O|  |TAMS 0x0000000088500000| PB 0x0000000088500000| Untracked 
| 134|0x0000000088600000, 0x0000000088700000, 0x0000000088700000|100%| O|  |TAMS 0x0000000088600000| PB 0x0000000088600000| Untracked 
| 135|0x0000000088700000, 0x0000000088800000, 0x0000000088800000|100%| O|  |TAMS 0x0000000088700000| PB 0x0000000088700000| Untracked 
| 136|0x0000000088800000, 0x0000000088900000, 0x0000000088900000|100%| O|  |TAMS 0x0000000088800000| PB 0x0000000088800000| Untracked 
| 137|0x0000000088900000, 0x0000000088a00000, 0x0000000088a00000|100%| O|  |TAMS 0x0000000088900000| PB 0x0000000088900000| Untracked 
| 138|0x0000000088a00000, 0x0000000088b00000, 0x0000000088b00000|100%| O|  |TAMS 0x0000000088a00000| PB 0x0000000088a00000| Untracked 
| 139|0x0000000088b00000, 0x0000000088c00000, 0x0000000088c00000|100%| O|  |TAMS 0x0000000088b00000| PB 0x0000000088b00000| Untracked 
| 140|0x0000000088c00000, 0x0000000088d00000, 0x0000000088d00000|100%| O|  |TAMS 0x0000000088c00000| PB 0x0000000088c00000| Untracked 
| 141|0x0000000088d00000, 0x0000000088e00000, 0x0000000088e00000|100%| O|  |TAMS 0x0000000088d00000| PB 0x0000000088d00000| Untracked 
| 142|0x0000000088e00000, 0x0000000088f00000, 0x0000000088f00000|100%| O|  |TAMS 0x0000000088e00000| PB 0x0000000088e00000| Untracked 
| 143|0x0000000088f00000, 0x0000000089000000, 0x0000000089000000|100%| O|  |TAMS 0x0000000088f00000| PB 0x0000000088f00000| Untracked 
| 144|0x0000000089000000, 0x0000000089100000, 0x0000000089100000|100%| O|  |TAMS 0x0000000089000000| PB 0x0000000089000000| Untracked 
| 145|0x0000000089100000, 0x0000000089200000, 0x0000000089200000|100%| O|  |TAMS 0x0000000089100000| PB 0x0000000089100000| Untracked 
| 146|0x0000000089200000, 0x0000000089300000, 0x0000000089300000|100%| O|  |TAMS 0x0000000089200000| PB 0x0000000089200000| Untracked 
| 147|0x0000000089300000, 0x0000000089400000, 0x0000000089400000|100%| O|  |TAMS 0x0000000089300000| PB 0x0000000089300000| Untracked 
| 148|0x0000000089400000, 0x0000000089500000, 0x0000000089500000|100%| O|  |TAMS 0x0000000089400000| PB 0x0000000089400000| Untracked 
| 149|0x0000000089500000, 0x0000000089600000, 0x0000000089600000|100%| O|  |TAMS 0x0000000089500000| PB 0x0000000089500000| Untracked 
| 150|0x0000000089600000, 0x0000000089700000, 0x0000000089700000|100%| O|  |TAMS 0x0000000089600000| PB 0x0000000089600000| Untracked 
| 151|0x0000000089700000, 0x0000000089700000, 0x0000000089800000|  0%| F|  |TAMS 0x0000000089700000| PB 0x0000000089700000| Untracked 
| 152|0x0000000089800000, 0x0000000089800000, 0x0000000089900000|  0%| F|  |TAMS 0x0000000089800000| PB 0x0000000089800000| Untracked 
| 153|0x0000000089900000, 0x0000000089a00000, 0x0000000089a00000|100%| O|  |TAMS 0x0000000089900000| PB 0x0000000089900000| Untracked 
| 154|0x0000000089a00000, 0x0000000089b00000, 0x0000000089b00000|100%| O|  |TAMS 0x0000000089a00000| PB 0x0000000089a00000| Untracked 
| 155|0x0000000089b00000, 0x0000000089c00000, 0x0000000089c00000|100%| O|  |TAMS 0x0000000089b00000| PB 0x0000000089b00000| Untracked 
| 156|0x0000000089c00000, 0x0000000089d00000, 0x0000000089d00000|100%| O|  |TAMS 0x0000000089c00000| PB 0x0000000089c00000| Untracked 
| 157|0x0000000089d00000, 0x0000000089e00000, 0x0000000089e00000|100%| O|  |TAMS 0x0000000089d00000| PB 0x0000000089d00000| Untracked 
| 158|0x0000000089e00000, 0x0000000089f00000, 0x0000000089f00000|100%| O|  |TAMS 0x0000000089e00000| PB 0x0000000089e00000| Untracked 
| 159|0x0000000089f00000, 0x0000000089f00000, 0x000000008a000000|  0%| F|  |TAMS 0x0000000089f00000| PB 0x0000000089f00000| Untracked 
| 160|0x000000008a000000, 0x000000008a100000, 0x000000008a100000|100%| O|  |TAMS 0x000000008a000000| PB 0x000000008a000000| Untracked 
| 161|0x000000008a100000, 0x000000008a200000, 0x000000008a200000|100%| O|  |TAMS 0x000000008a100000| PB 0x000000008a100000| Untracked 
| 162|0x000000008a200000, 0x000000008a300000, 0x000000008a300000|100%| O|  |TAMS 0x000000008a200000| PB 0x000000008a200000| Untracked 
| 163|0x000000008a300000, 0x000000008a400000, 0x000000008a400000|100%| O|  |TAMS 0x000000008a300000| PB 0x000000008a300000| Untracked 
| 164|0x000000008a400000, 0x000000008a500000, 0x000000008a500000|100%| O|  |TAMS 0x000000008a400000| PB 0x000000008a400000| Untracked 
| 165|0x000000008a500000, 0x000000008a600000, 0x000000008a600000|100%| O|  |TAMS 0x000000008a500000| PB 0x000000008a500000| Untracked 
| 166|0x000000008a600000, 0x000000008a700000, 0x000000008a700000|100%| O|  |TAMS 0x000000008a600000| PB 0x000000008a600000| Untracked 
| 167|0x000000008a700000, 0x000000008a800000, 0x000000008a800000|100%| O|  |TAMS 0x000000008a700000| PB 0x000000008a700000| Untracked 
| 168|0x000000008a800000, 0x000000008a900000, 0x000000008a900000|100%| O|  |TAMS 0x000000008a800000| PB 0x000000008a800000| Untracked 
| 169|0x000000008a900000, 0x000000008aa00000, 0x000000008aa00000|100%| O|  |TAMS 0x000000008a900000| PB 0x000000008a900000| Untracked 
| 170|0x000000008aa00000, 0x000000008ab00000, 0x000000008ab00000|100%| O|  |TAMS 0x000000008aa00000| PB 0x000000008aa00000| Untracked 
| 171|0x000000008ab00000, 0x000000008ac00000, 0x000000008ac00000|100%| O|  |TAMS 0x000000008ab00000| PB 0x000000008ab00000| Untracked 
| 172|0x000000008ac00000, 0x000000008ad00000, 0x000000008ad00000|100%| O|  |TAMS 0x000000008ac00000| PB 0x000000008ac00000| Untracked 
| 173|0x000000008ad00000, 0x000000008ae00000, 0x000000008ae00000|100%| O|  |TAMS 0x000000008ad00000| PB 0x000000008ad00000| Untracked 
| 174|0x000000008ae00000, 0x000000008af00000, 0x000000008af00000|100%| O|  |TAMS 0x000000008ae00000| PB 0x000000008ae00000| Untracked 
| 175|0x000000008af00000, 0x000000008b000000, 0x000000008b000000|100%| O|  |TAMS 0x000000008af00000| PB 0x000000008af00000| Untracked 
| 176|0x000000008b000000, 0x000000008b100000, 0x000000008b100000|100%| O|  |TAMS 0x000000008b000000| PB 0x000000008b000000| Untracked 
| 177|0x000000008b100000, 0x000000008b200000, 0x000000008b200000|100%| O|  |TAMS 0x000000008b100000| PB 0x000000008b100000| Untracked 
| 178|0x000000008b200000, 0x000000008b300000, 0x000000008b300000|100%| O|  |TAMS 0x000000008b200000| PB 0x000000008b200000| Untracked 
| 179|0x000000008b300000, 0x000000008b400000, 0x000000008b400000|100%| O|  |TAMS 0x000000008b300000| PB 0x000000008b300000| Untracked 
| 180|0x000000008b400000, 0x000000008b500000, 0x000000008b500000|100%| O|  |TAMS 0x000000008b400000| PB 0x000000008b400000| Untracked 
| 181|0x000000008b500000, 0x000000008b600000, 0x000000008b600000|100%| O|  |TAMS 0x000000008b500000| PB 0x000000008b500000| Untracked 
| 182|0x000000008b600000, 0x000000008b600000, 0x000000008b700000|  0%| F|  |TAMS 0x000000008b600000| PB 0x000000008b600000| Untracked 
| 183|0x000000008b700000, 0x000000008b800000, 0x000000008b800000|100%| O|  |TAMS 0x000000008b700000| PB 0x000000008b700000| Untracked 
| 184|0x000000008b800000, 0x000000008b900000, 0x000000008b900000|100%| O|  |TAMS 0x000000008b800000| PB 0x000000008b800000| Untracked 
| 185|0x000000008b900000, 0x000000008ba00000, 0x000000008ba00000|100%| O|  |TAMS 0x000000008b900000| PB 0x000000008b900000| Untracked 
| 186|0x000000008ba00000, 0x000000008bb00000, 0x000000008bb00000|100%| O|  |TAMS 0x000000008ba00000| PB 0x000000008ba00000| Untracked 
| 187|0x000000008bb00000, 0x000000008bc00000, 0x000000008bc00000|100%| O|  |TAMS 0x000000008bb00000| PB 0x000000008bb00000| Untracked 
| 188|0x000000008bc00000, 0x000000008bd00000, 0x000000008bd00000|100%| O|  |TAMS 0x000000008bc00000| PB 0x000000008bc00000| Untracked 
| 189|0x000000008bd00000, 0x000000008be00000, 0x000000008be00000|100%| O|  |TAMS 0x000000008bd00000| PB 0x000000008bd00000| Untracked 
| 190|0x000000008be00000, 0x000000008bf00000, 0x000000008bf00000|100%| O|  |TAMS 0x000000008be00000| PB 0x000000008be00000| Untracked 
| 191|0x000000008bf00000, 0x000000008c000000, 0x000000008c000000|100%| O|  |TAMS 0x000000008bf00000| PB 0x000000008bf00000| Untracked 
| 192|0x000000008c000000, 0x000000008c100000, 0x000000008c100000|100%| O|  |TAMS 0x000000008c000000| PB 0x000000008c000000| Untracked 
| 193|0x000000008c100000, 0x000000008c100000, 0x000000008c200000|  0%| F|  |TAMS 0x000000008c100000| PB 0x000000008c100000| Untracked 
| 194|0x000000008c200000, 0x000000008c300000, 0x000000008c300000|100%| O|  |TAMS 0x000000008c200000| PB 0x000000008c200000| Untracked 
| 195|0x000000008c300000, 0x000000008c400000, 0x000000008c400000|100%| O|  |TAMS 0x000000008c300000| PB 0x000000008c300000| Untracked 
| 196|0x000000008c400000, 0x000000008c500000, 0x000000008c500000|100%| O|  |TAMS 0x000000008c400000| PB 0x000000008c400000| Untracked 
| 197|0x000000008c500000, 0x000000008c600000, 0x000000008c600000|100%| O|  |TAMS 0x000000008c500000| PB 0x000000008c500000| Untracked 
| 198|0x000000008c600000, 0x000000008c700000, 0x000000008c700000|100%| O|  |TAMS 0x000000008c600000| PB 0x000000008c600000| Untracked 
| 199|0x000000008c700000, 0x000000008c800000, 0x000000008c800000|100%| O|  |TAMS 0x000000008c700000| PB 0x000000008c700000| Untracked 
| 200|0x000000008c800000, 0x000000008c900000, 0x000000008c900000|100%| O|  |TAMS 0x000000008c800000| PB 0x000000008c800000| Untracked 
| 201|0x000000008c900000, 0x000000008ca00000, 0x000000008ca00000|100%| O|  |TAMS 0x000000008c900000| PB 0x000000008c900000| Untracked 
| 202|0x000000008ca00000, 0x000000008cb00000, 0x000000008cb00000|100%| O|  |TAMS 0x000000008ca00000| PB 0x000000008ca00000| Untracked 
| 203|0x000000008cb00000, 0x000000008cc00000, 0x000000008cc00000|100%| O|  |TAMS 0x000000008cb00000| PB 0x000000008cb00000| Untracked 
| 204|0x000000008cc00000, 0x000000008cd00000, 0x000000008cd00000|100%| O|  |TAMS 0x000000008cc00000| PB 0x000000008cc00000| Untracked 
| 205|0x000000008cd00000, 0x000000008ce00000, 0x000000008ce00000|100%| O|  |TAMS 0x000000008cd00000| PB 0x000000008cd00000| Untracked 
| 206|0x000000008ce00000, 0x000000008ce00000, 0x000000008cf00000|  0%| F|  |TAMS 0x000000008ce00000| PB 0x000000008ce00000| Untracked 
| 207|0x000000008cf00000, 0x000000008d000000, 0x000000008d000000|100%| O|  |TAMS 0x000000008cf00000| PB 0x000000008cf00000| Untracked 
| 208|0x000000008d000000, 0x000000008d100000, 0x000000008d100000|100%| O|  |TAMS 0x000000008d000000| PB 0x000000008d000000| Untracked 
| 209|0x000000008d100000, 0x000000008d200000, 0x000000008d200000|100%| O|  |TAMS 0x000000008d100000| PB 0x000000008d100000| Untracked 
| 210|0x000000008d200000, 0x000000008d300000, 0x000000008d300000|100%| O|  |TAMS 0x000000008d200000| PB 0x000000008d200000| Untracked 
| 211|0x000000008d300000, 0x000000008d400000, 0x000000008d400000|100%| O|  |TAMS 0x000000008d300000| PB 0x000000008d300000| Untracked 
| 212|0x000000008d400000, 0x000000008d500000, 0x000000008d500000|100%| O|  |TAMS 0x000000008d400000| PB 0x000000008d400000| Untracked 
| 213|0x000000008d500000, 0x000000008d600000, 0x000000008d600000|100%| O|  |TAMS 0x000000008d500000| PB 0x000000008d500000| Untracked 
| 214|0x000000008d600000, 0x000000008d700000, 0x000000008d700000|100%| O|  |TAMS 0x000000008d600000| PB 0x000000008d600000| Untracked 
| 215|0x000000008d700000, 0x000000008d800000, 0x000000008d800000|100%| O|  |TAMS 0x000000008d700000| PB 0x000000008d700000| Untracked 
| 216|0x000000008d800000, 0x000000008d900000, 0x000000008d900000|100%| O|  |TAMS 0x000000008d800000| PB 0x000000008d800000| Untracked 
| 217|0x000000008d900000, 0x000000008d900000, 0x000000008da00000|  0%| F|  |TAMS 0x000000008d900000| PB 0x000000008d900000| Untracked 
| 218|0x000000008da00000, 0x000000008db00000, 0x000000008db00000|100%| O|  |TAMS 0x000000008da00000| PB 0x000000008da00000| Untracked 
| 219|0x000000008db00000, 0x000000008dc00000, 0x000000008dc00000|100%| O|  |TAMS 0x000000008db00000| PB 0x000000008db00000| Untracked 
| 220|0x000000008dc00000, 0x000000008dd00000, 0x000000008dd00000|100%| O|  |TAMS 0x000000008dc00000| PB 0x000000008dc00000| Untracked 
| 221|0x000000008dd00000, 0x000000008de00000, 0x000000008de00000|100%| O|  |TAMS 0x000000008dd00000| PB 0x000000008dd00000| Untracked 
| 222|0x000000008de00000, 0x000000008df00000, 0x000000008df00000|100%| O|  |TAMS 0x000000008de00000| PB 0x000000008de00000| Untracked 
| 223|0x000000008df00000, 0x000000008e000000, 0x000000008e000000|100%| O|  |TAMS 0x000000008df00000| PB 0x000000008df00000| Untracked 
| 224|0x000000008e000000, 0x000000008e100000, 0x000000008e100000|100%| O|  |TAMS 0x000000008e000000| PB 0x000000008e000000| Untracked 
| 225|0x000000008e100000, 0x000000008e200000, 0x000000008e200000|100%| O|  |TAMS 0x000000008e100000| PB 0x000000008e100000| Untracked 
| 226|0x000000008e200000, 0x000000008e300000, 0x000000008e300000|100%| O|  |TAMS 0x000000008e200000| PB 0x000000008e200000| Untracked 
| 227|0x000000008e300000, 0x000000008e400000, 0x000000008e400000|100%| O|  |TAMS 0x000000008e300000| PB 0x000000008e300000| Untracked 
| 228|0x000000008e400000, 0x000000008e500000, 0x000000008e500000|100%| O|  |TAMS 0x000000008e400000| PB 0x000000008e400000| Untracked 
| 229|0x000000008e500000, 0x000000008e600000, 0x000000008e600000|100%| O|  |TAMS 0x000000008e500000| PB 0x000000008e500000| Untracked 
| 230|0x000000008e600000, 0x000000008e700000, 0x000000008e700000|100%| O|  |TAMS 0x000000008e600000| PB 0x000000008e600000| Untracked 
| 231|0x000000008e700000, 0x000000008e800000, 0x000000008e800000|100%| O|  |TAMS 0x000000008e700000| PB 0x000000008e700000| Untracked 
| 232|0x000000008e800000, 0x000000008e800000, 0x000000008e900000|  0%| F|  |TAMS 0x000000008e800000| PB 0x000000008e800000| Untracked 
| 233|0x000000008e900000, 0x000000008e900000, 0x000000008ea00000|  0%| F|  |TAMS 0x000000008e900000| PB 0x000000008e900000| Untracked 
| 234|0x000000008ea00000, 0x000000008eb00000, 0x000000008eb00000|100%| O|  |TAMS 0x000000008ea00000| PB 0x000000008ea00000| Untracked 
| 235|0x000000008eb00000, 0x000000008ec00000, 0x000000008ec00000|100%| O|  |TAMS 0x000000008eb00000| PB 0x000000008eb00000| Untracked 
| 236|0x000000008ec00000, 0x000000008ed00000, 0x000000008ed00000|100%| O|  |TAMS 0x000000008ec00000| PB 0x000000008ec00000| Untracked 
| 237|0x000000008ed00000, 0x000000008ee00000, 0x000000008ee00000|100%| O|  |TAMS 0x000000008ed00000| PB 0x000000008ed00000| Untracked 
| 238|0x000000008ee00000, 0x000000008ef00000, 0x000000008ef00000|100%| O|  |TAMS 0x000000008ee00000| PB 0x000000008ee00000| Untracked 
| 239|0x000000008ef00000, 0x000000008f000000, 0x000000008f000000|100%| O|  |TAMS 0x000000008ef00000| PB 0x000000008ef00000| Untracked 
| 240|0x000000008f000000, 0x000000008f100000, 0x000000008f100000|100%| O|  |TAMS 0x000000008f000000| PB 0x000000008f000000| Untracked 
| 241|0x000000008f100000, 0x000000008f200000, 0x000000008f200000|100%| O|  |TAMS 0x000000008f100000| PB 0x000000008f100000| Untracked 
| 242|0x000000008f200000, 0x000000008f300000, 0x000000008f300000|100%| O|  |TAMS 0x000000008f200000| PB 0x000000008f200000| Untracked 
| 243|0x000000008f300000, 0x000000008f400000, 0x000000008f400000|100%| O|  |TAMS 0x000000008f300000| PB 0x000000008f300000| Untracked 
| 244|0x000000008f400000, 0x000000008f500000, 0x000000008f500000|100%| O|  |TAMS 0x000000008f400000| PB 0x000000008f400000| Untracked 
| 245|0x000000008f500000, 0x000000008f600000, 0x000000008f600000|100%| O|  |TAMS 0x000000008f500000| PB 0x000000008f500000| Untracked 
| 246|0x000000008f600000, 0x000000008f700000, 0x000000008f700000|100%| O|  |TAMS 0x000000008f600000| PB 0x000000008f600000| Untracked 
| 247|0x000000008f700000, 0x000000008f800000, 0x000000008f800000|100%| O|  |TAMS 0x000000008f700000| PB 0x000000008f700000| Untracked 
| 248|0x000000008f800000, 0x000000008f900000, 0x000000008f900000|100%| O|  |TAMS 0x000000008f800000| PB 0x000000008f800000| Untracked 
| 249|0x000000008f900000, 0x000000008fa00000, 0x000000008fa00000|100%| O|  |TAMS 0x000000008f900000| PB 0x000000008f900000| Untracked 
| 250|0x000000008fa00000, 0x000000008fb00000, 0x000000008fb00000|100%| O|  |TAMS 0x000000008fa00000| PB 0x000000008fa00000| Untracked 
| 251|0x000000008fb00000, 0x000000008fc00000, 0x000000008fc00000|100%| O|  |TAMS 0x000000008fb00000| PB 0x000000008fb00000| Untracked 
| 252|0x000000008fc00000, 0x000000008fd00000, 0x000000008fd00000|100%| O|  |TAMS 0x000000008fc00000| PB 0x000000008fc00000| Untracked 
| 253|0x000000008fd00000, 0x000000008fe00000, 0x000000008fe00000|100%| O|  |TAMS 0x000000008fd00000| PB 0x000000008fd00000| Untracked 
| 254|0x000000008fe00000, 0x000000008fedfbc0, 0x000000008ff00000| 87%| O|  |TAMS 0x000000008fe00000| PB 0x000000008fe00000| Untracked 
| 255|0x000000008ff00000, 0x000000008ff00000, 0x0000000090000000|  0%| F|  |TAMS 0x000000008ff00000| PB 0x000000008ff00000| Untracked 
| 256|0x0000000090000000, 0x0000000090000000, 0x0000000090100000|  0%| F|  |TAMS 0x0000000090000000| PB 0x0000000090000000| Untracked 
| 257|0x0000000090100000, 0x0000000090100000, 0x0000000090200000|  0%| F|  |TAMS 0x0000000090100000| PB 0x0000000090100000| Untracked 
| 258|0x0000000090200000, 0x0000000090200000, 0x0000000090300000|  0%| F|  |TAMS 0x0000000090200000| PB 0x0000000090200000| Untracked 
| 259|0x0000000090300000, 0x0000000090300000, 0x0000000090400000|  0%| F|  |TAMS 0x0000000090300000| PB 0x0000000090300000| Untracked 
| 260|0x0000000090400000, 0x0000000090400000, 0x0000000090500000|  0%| F|  |TAMS 0x0000000090400000| PB 0x0000000090400000| Untracked 
| 261|0x0000000090500000, 0x0000000090500000, 0x0000000090600000|  0%| F|  |TAMS 0x0000000090500000| PB 0x0000000090500000| Untracked 
| 262|0x0000000090600000, 0x0000000090600000, 0x0000000090700000|  0%| F|  |TAMS 0x0000000090600000| PB 0x0000000090600000| Untracked 
| 263|0x0000000090700000, 0x0000000090700000, 0x0000000090800000|  0%| F|  |TAMS 0x0000000090700000| PB 0x0000000090700000| Untracked 
| 264|0x0000000090800000, 0x0000000090800000, 0x0000000090900000|  0%| F|  |TAMS 0x0000000090800000| PB 0x0000000090800000| Untracked 
| 265|0x0000000090900000, 0x0000000090900000, 0x0000000090a00000|  0%| F|  |TAMS 0x0000000090900000| PB 0x0000000090900000| Untracked 
| 266|0x0000000090a00000, 0x0000000090a00000, 0x0000000090b00000|  0%| F|  |TAMS 0x0000000090a00000| PB 0x0000000090a00000| Untracked 
| 267|0x0000000090b00000, 0x0000000090b00000, 0x0000000090c00000|  0%| F|  |TAMS 0x0000000090b00000| PB 0x0000000090b00000| Untracked 
| 268|0x0000000090c00000, 0x0000000090c00000, 0x0000000090d00000|  0%| F|  |TAMS 0x0000000090c00000| PB 0x0000000090c00000| Untracked 
| 269|0x0000000090d00000, 0x0000000090d00000, 0x0000000090e00000|  0%| F|  |TAMS 0x0000000090d00000| PB 0x0000000090d00000| Untracked 
| 270|0x0000000090e00000, 0x0000000090f00000, 0x0000000090f00000|100%| S|CS|TAMS 0x0000000090e00000| PB 0x0000000090e00000| Complete 
| 271|0x0000000090f00000, 0x0000000091000000, 0x0000000091000000|100%| S|CS|TAMS 0x0000000090f00000| PB 0x0000000090f00000| Complete 
| 272|0x0000000091000000, 0x0000000091100000, 0x0000000091100000|100%| S|CS|TAMS 0x0000000091000000| PB 0x0000000091000000| Complete 
| 273|0x0000000091100000, 0x0000000091200000, 0x0000000091200000|100%| S|CS|TAMS 0x0000000091100000| PB 0x0000000091100000| Complete 
| 274|0x0000000091200000, 0x0000000091300000, 0x0000000091300000|100%| S|CS|TAMS 0x0000000091200000| PB 0x0000000091200000| Complete 
| 275|0x0000000091300000, 0x0000000091400000, 0x0000000091400000|100%| S|CS|TAMS 0x0000000091300000| PB 0x0000000091300000| Complete 
| 276|0x0000000091400000, 0x0000000091500000, 0x0000000091500000|100%| S|CS|TAMS 0x0000000091400000| PB 0x0000000091400000| Complete 
| 277|0x0000000091500000, 0x0000000091600000, 0x0000000091600000|100%| S|CS|TAMS 0x0000000091500000| PB 0x0000000091500000| Complete 
| 278|0x0000000091600000, 0x0000000091700000, 0x0000000091700000|100%| S|CS|TAMS 0x0000000091600000| PB 0x0000000091600000| Complete 
| 279|0x0000000091700000, 0x0000000091800000, 0x0000000091800000|100%| S|CS|TAMS 0x0000000091700000| PB 0x0000000091700000| Complete 
| 280|0x0000000091800000, 0x0000000091900000, 0x0000000091900000|100%| S|CS|TAMS 0x0000000091800000| PB 0x0000000091800000| Complete 
| 281|0x0000000091900000, 0x0000000091a00000, 0x0000000091a00000|100%| S|CS|TAMS 0x0000000091900000| PB 0x0000000091900000| Complete 
| 282|0x0000000091a00000, 0x0000000091b00000, 0x0000000091b00000|100%| S|CS|TAMS 0x0000000091a00000| PB 0x0000000091a00000| Complete 
| 283|0x0000000091b00000, 0x0000000091c00000, 0x0000000091c00000|100%| S|CS|TAMS 0x0000000091b00000| PB 0x0000000091b00000| Complete 
| 284|0x0000000091c00000, 0x0000000091d00000, 0x0000000091d00000|100%| S|CS|TAMS 0x0000000091c00000| PB 0x0000000091c00000| Complete 
| 285|0x0000000091d00000, 0x0000000091e00000, 0x0000000091e00000|100%| S|CS|TAMS 0x0000000091d00000| PB 0x0000000091d00000| Complete 
| 286|0x0000000091e00000, 0x0000000091f00000, 0x0000000091f00000|100%| S|CS|TAMS 0x0000000091e00000| PB 0x0000000091e00000| Complete 
| 287|0x0000000091f00000, 0x0000000091f00000, 0x0000000092000000|  0%| F|  |TAMS 0x0000000091f00000| PB 0x0000000091f00000| Untracked 
| 288|0x0000000092000000, 0x0000000092000000, 0x0000000092100000|  0%| F|  |TAMS 0x0000000092000000| PB 0x0000000092000000| Untracked 
| 289|0x0000000092100000, 0x0000000092100000, 0x0000000092200000|  0%| F|  |TAMS 0x0000000092100000| PB 0x0000000092100000| Untracked 
| 290|0x0000000092200000, 0x0000000092200000, 0x0000000092300000|  0%| F|  |TAMS 0x0000000092200000| PB 0x0000000092200000| Untracked 
| 291|0x0000000092300000, 0x0000000092300000, 0x0000000092400000|  0%| F|  |TAMS 0x0000000092300000| PB 0x0000000092300000| Untracked 
| 292|0x0000000092400000, 0x0000000092400000, 0x0000000092500000|  0%| F|  |TAMS 0x0000000092400000| PB 0x0000000092400000| Untracked 
| 293|0x0000000092500000, 0x0000000092500000, 0x0000000092600000|  0%| F|  |TAMS 0x0000000092500000| PB 0x0000000092500000| Untracked 
| 294|0x0000000092600000, 0x0000000092600000, 0x0000000092700000|  0%| F|  |TAMS 0x0000000092600000| PB 0x0000000092600000| Untracked 
| 295|0x0000000092700000, 0x0000000092700000, 0x0000000092800000|  0%| F|  |TAMS 0x0000000092700000| PB 0x0000000092700000| Untracked 
| 296|0x0000000092800000, 0x0000000092800000, 0x0000000092900000|  0%| F|  |TAMS 0x0000000092800000| PB 0x0000000092800000| Untracked 
| 297|0x0000000092900000, 0x0000000092900000, 0x0000000092a00000|  0%| F|  |TAMS 0x0000000092900000| PB 0x0000000092900000| Untracked 
| 298|0x0000000092a00000, 0x0000000092a00000, 0x0000000092b00000|  0%| F|  |TAMS 0x0000000092a00000| PB 0x0000000092a00000| Untracked 
| 299|0x0000000092b00000, 0x0000000092b00000, 0x0000000092c00000|  0%| F|  |TAMS 0x0000000092b00000| PB 0x0000000092b00000| Untracked 
| 300|0x0000000092c00000, 0x0000000092c00000, 0x0000000092d00000|  0%| F|  |TAMS 0x0000000092c00000| PB 0x0000000092c00000| Untracked 
| 301|0x0000000092d00000, 0x0000000092d00000, 0x0000000092e00000|  0%| F|  |TAMS 0x0000000092d00000| PB 0x0000000092d00000| Untracked 
| 302|0x0000000092e00000, 0x0000000092e00000, 0x0000000092f00000|  0%| F|  |TAMS 0x0000000092e00000| PB 0x0000000092e00000| Untracked 
| 303|0x0000000092f00000, 0x0000000092f00000, 0x0000000093000000|  0%| F|  |TAMS 0x0000000092f00000| PB 0x0000000092f00000| Untracked 
| 304|0x0000000093000000, 0x0000000093000000, 0x0000000093100000|  0%| F|  |TAMS 0x0000000093000000| PB 0x0000000093000000| Untracked 
| 305|0x0000000093100000, 0x0000000093100000, 0x0000000093200000|  0%| F|  |TAMS 0x0000000093100000| PB 0x0000000093100000| Untracked 
| 306|0x0000000093200000, 0x0000000093200000, 0x0000000093300000|  0%| F|  |TAMS 0x0000000093200000| PB 0x0000000093200000| Untracked 
| 307|0x0000000093300000, 0x0000000093300000, 0x0000000093400000|  0%| F|  |TAMS 0x0000000093300000| PB 0x0000000093300000| Untracked 
| 308|0x0000000093400000, 0x0000000093400000, 0x0000000093500000|  0%| F|  |TAMS 0x0000000093400000| PB 0x0000000093400000| Untracked 
| 309|0x0000000093500000, 0x0000000093500000, 0x0000000093600000|  0%| F|  |TAMS 0x0000000093500000| PB 0x0000000093500000| Untracked 
| 310|0x0000000093600000, 0x0000000093600000, 0x0000000093700000|  0%| F|  |TAMS 0x0000000093600000| PB 0x0000000093600000| Untracked 
| 311|0x0000000093700000, 0x0000000093700000, 0x0000000093800000|  0%| F|  |TAMS 0x0000000093700000| PB 0x0000000093700000| Untracked 
| 312|0x0000000093800000, 0x0000000093800000, 0x0000000093900000|  0%| F|  |TAMS 0x0000000093800000| PB 0x0000000093800000| Untracked 
| 313|0x0000000093900000, 0x0000000093900000, 0x0000000093a00000|  0%| F|  |TAMS 0x0000000093900000| PB 0x0000000093900000| Untracked 
| 314|0x0000000093a00000, 0x0000000093a00000, 0x0000000093b00000|  0%| F|  |TAMS 0x0000000093a00000| PB 0x0000000093a00000| Untracked 
| 315|0x0000000093b00000, 0x0000000093b00000, 0x0000000093c00000|  0%| F|  |TAMS 0x0000000093b00000| PB 0x0000000093b00000| Untracked 
| 316|0x0000000093c00000, 0x0000000093c00000, 0x0000000093d00000|  0%| F|  |TAMS 0x0000000093c00000| PB 0x0000000093c00000| Untracked 
| 317|0x0000000093d00000, 0x0000000093d00000, 0x0000000093e00000|  0%| F|  |TAMS 0x0000000093d00000| PB 0x0000000093d00000| Untracked 
| 318|0x0000000093e00000, 0x0000000093e00000, 0x0000000093f00000|  0%| F|  |TAMS 0x0000000093e00000| PB 0x0000000093e00000| Untracked 
| 319|0x0000000093f00000, 0x0000000093f00000, 0x0000000094000000|  0%| F|  |TAMS 0x0000000093f00000| PB 0x0000000093f00000| Untracked 
| 320|0x0000000094000000, 0x0000000094000000, 0x0000000094100000|  0%| F|  |TAMS 0x0000000094000000| PB 0x0000000094000000| Untracked 
| 321|0x0000000094100000, 0x0000000094100000, 0x0000000094200000|  0%| F|  |TAMS 0x0000000094100000| PB 0x0000000094100000| Untracked 
| 322|0x0000000094200000, 0x0000000094200000, 0x0000000094300000|  0%| F|  |TAMS 0x0000000094200000| PB 0x0000000094200000| Untracked 
| 323|0x0000000094300000, 0x0000000094300000, 0x0000000094400000|  0%| F|  |TAMS 0x0000000094300000| PB 0x0000000094300000| Untracked 
| 324|0x0000000094400000, 0x0000000094400000, 0x0000000094500000|  0%| F|  |TAMS 0x0000000094400000| PB 0x0000000094400000| Untracked 
| 325|0x0000000094500000, 0x0000000094500000, 0x0000000094600000|  0%| F|  |TAMS 0x0000000094500000| PB 0x0000000094500000| Untracked 
| 326|0x0000000094600000, 0x0000000094600000, 0x0000000094700000|  0%| F|  |TAMS 0x0000000094600000| PB 0x0000000094600000| Untracked 
| 327|0x0000000094700000, 0x0000000094700000, 0x0000000094800000|  0%| F|  |TAMS 0x0000000094700000| PB 0x0000000094700000| Untracked 
| 328|0x0000000094800000, 0x0000000094800000, 0x0000000094900000|  0%| F|  |TAMS 0x0000000094800000| PB 0x0000000094800000| Untracked 
| 329|0x0000000094900000, 0x0000000094900000, 0x0000000094a00000|  0%| F|  |TAMS 0x0000000094900000| PB 0x0000000094900000| Untracked 
| 330|0x0000000094a00000, 0x0000000094a00000, 0x0000000094b00000|  0%| F|  |TAMS 0x0000000094a00000| PB 0x0000000094a00000| Untracked 
| 331|0x0000000094b00000, 0x0000000094b00000, 0x0000000094c00000|  0%| F|  |TAMS 0x0000000094b00000| PB 0x0000000094b00000| Untracked 
| 332|0x0000000094c00000, 0x0000000094c00000, 0x0000000094d00000|  0%| F|  |TAMS 0x0000000094c00000| PB 0x0000000094c00000| Untracked 
| 333|0x0000000094d00000, 0x0000000094d00000, 0x0000000094e00000|  0%| F|  |TAMS 0x0000000094d00000| PB 0x0000000094d00000| Untracked 
| 334|0x0000000094e00000, 0x0000000094e00000, 0x0000000094f00000|  0%| F|  |TAMS 0x0000000094e00000| PB 0x0000000094e00000| Untracked 
| 335|0x0000000094f00000, 0x0000000094f00000, 0x0000000095000000|  0%| F|  |TAMS 0x0000000094f00000| PB 0x0000000094f00000| Untracked 
| 336|0x0000000095000000, 0x0000000095000000, 0x0000000095100000|  0%| F|  |TAMS 0x0000000095000000| PB 0x0000000095000000| Untracked 
| 337|0x0000000095100000, 0x0000000095100000, 0x0000000095200000|  0%| F|  |TAMS 0x0000000095100000| PB 0x0000000095100000| Untracked 
| 338|0x0000000095200000, 0x0000000095200000, 0x0000000095300000|  0%| F|  |TAMS 0x0000000095200000| PB 0x0000000095200000| Untracked 
| 339|0x0000000095300000, 0x0000000095300000, 0x0000000095400000|  0%| F|  |TAMS 0x0000000095300000| PB 0x0000000095300000| Untracked 
| 340|0x0000000095400000, 0x0000000095400000, 0x0000000095500000|  0%| F|  |TAMS 0x0000000095400000| PB 0x0000000095400000| Untracked 
| 341|0x0000000095500000, 0x0000000095500000, 0x0000000095600000|  0%| F|  |TAMS 0x0000000095500000| PB 0x0000000095500000| Untracked 
| 342|0x0000000095600000, 0x0000000095600000, 0x0000000095700000|  0%| F|  |TAMS 0x0000000095600000| PB 0x0000000095600000| Untracked 
| 343|0x0000000095700000, 0x0000000095700000, 0x0000000095800000|  0%| F|  |TAMS 0x0000000095700000| PB 0x0000000095700000| Untracked 
| 344|0x0000000095800000, 0x0000000095800000, 0x0000000095900000|  0%| F|  |TAMS 0x0000000095800000| PB 0x0000000095800000| Untracked 
| 345|0x0000000095900000, 0x0000000095900000, 0x0000000095a00000|  0%| F|  |TAMS 0x0000000095900000| PB 0x0000000095900000| Untracked 
| 346|0x0000000095a00000, 0x0000000095a00000, 0x0000000095b00000|  0%| F|  |TAMS 0x0000000095a00000| PB 0x0000000095a00000| Untracked 
| 347|0x0000000095b00000, 0x0000000095b00000, 0x0000000095c00000|  0%| F|  |TAMS 0x0000000095b00000| PB 0x0000000095b00000| Untracked 
| 348|0x0000000095c00000, 0x0000000095c00000, 0x0000000095d00000|  0%| F|  |TAMS 0x0000000095c00000| PB 0x0000000095c00000| Untracked 
| 349|0x0000000095d00000, 0x0000000095d00000, 0x0000000095e00000|  0%| F|  |TAMS 0x0000000095d00000| PB 0x0000000095d00000| Untracked 
| 350|0x0000000095e00000, 0x0000000095e00000, 0x0000000095f00000|  0%| F|  |TAMS 0x0000000095e00000| PB 0x0000000095e00000| Untracked 
| 351|0x0000000095f00000, 0x0000000095f00000, 0x0000000096000000|  0%| F|  |TAMS 0x0000000095f00000| PB 0x0000000095f00000| Untracked 
| 352|0x0000000096000000, 0x0000000096000000, 0x0000000096100000|  0%| F|  |TAMS 0x0000000096000000| PB 0x0000000096000000| Untracked 
| 353|0x0000000096100000, 0x0000000096100000, 0x0000000096200000|  0%| F|  |TAMS 0x0000000096100000| PB 0x0000000096100000| Untracked 
| 354|0x0000000096200000, 0x0000000096200000, 0x0000000096300000|  0%| F|  |TAMS 0x0000000096200000| PB 0x0000000096200000| Untracked 
| 355|0x0000000096300000, 0x0000000096300000, 0x0000000096400000|  0%| F|  |TAMS 0x0000000096300000| PB 0x0000000096300000| Untracked 
| 356|0x0000000096400000, 0x0000000096400000, 0x0000000096500000|  0%| F|  |TAMS 0x0000000096400000| PB 0x0000000096400000| Untracked 
| 357|0x0000000096500000, 0x0000000096500000, 0x0000000096600000|  0%| F|  |TAMS 0x0000000096500000| PB 0x0000000096500000| Untracked 
| 358|0x0000000096600000, 0x0000000096600000, 0x0000000096700000|  0%| F|  |TAMS 0x0000000096600000| PB 0x0000000096600000| Untracked 
| 359|0x0000000096700000, 0x0000000096700000, 0x0000000096800000|  0%| F|  |TAMS 0x0000000096700000| PB 0x0000000096700000| Untracked 
| 360|0x0000000096800000, 0x0000000096800000, 0x0000000096900000|  0%| F|  |TAMS 0x0000000096800000| PB 0x0000000096800000| Untracked 
| 361|0x0000000096900000, 0x0000000096900000, 0x0000000096a00000|  0%| F|  |TAMS 0x0000000096900000| PB 0x0000000096900000| Untracked 
| 362|0x0000000096a00000, 0x0000000096a00000, 0x0000000096b00000|  0%| F|  |TAMS 0x0000000096a00000| PB 0x0000000096a00000| Untracked 
| 363|0x0000000096b00000, 0x0000000096b00000, 0x0000000096c00000|  0%| F|  |TAMS 0x0000000096b00000| PB 0x0000000096b00000| Untracked 
| 364|0x0000000096c00000, 0x0000000096c00000, 0x0000000096d00000|  0%| F|  |TAMS 0x0000000096c00000| PB 0x0000000096c00000| Untracked 
| 365|0x0000000096d00000, 0x0000000096d00000, 0x0000000096e00000|  0%| F|  |TAMS 0x0000000096d00000| PB 0x0000000096d00000| Untracked 
| 366|0x0000000096e00000, 0x0000000096e00000, 0x0000000096f00000|  0%| F|  |TAMS 0x0000000096e00000| PB 0x0000000096e00000| Untracked 
| 367|0x0000000096f00000, 0x0000000096f00000, 0x0000000097000000|  0%| F|  |TAMS 0x0000000096f00000| PB 0x0000000096f00000| Untracked 
| 368|0x0000000097000000, 0x0000000097000000, 0x0000000097100000|  0%| F|  |TAMS 0x0000000097000000| PB 0x0000000097000000| Untracked 
| 369|0x0000000097100000, 0x0000000097100000, 0x0000000097200000|  0%| F|  |TAMS 0x0000000097100000| PB 0x0000000097100000| Untracked 
| 370|0x0000000097200000, 0x0000000097200000, 0x0000000097300000|  0%| F|  |TAMS 0x0000000097200000| PB 0x0000000097200000| Untracked 
| 371|0x0000000097300000, 0x0000000097300000, 0x0000000097400000|  0%| F|  |TAMS 0x0000000097300000| PB 0x0000000097300000| Untracked 
| 372|0x0000000097400000, 0x0000000097400000, 0x0000000097500000|  0%| F|  |TAMS 0x0000000097400000| PB 0x0000000097400000| Untracked 
| 373|0x0000000097500000, 0x0000000097500000, 0x0000000097600000|  0%| F|  |TAMS 0x0000000097500000| PB 0x0000000097500000| Untracked 
| 374|0x0000000097600000, 0x0000000097600000, 0x0000000097700000|  0%| F|  |TAMS 0x0000000097600000| PB 0x0000000097600000| Untracked 
| 375|0x0000000097700000, 0x0000000097700000, 0x0000000097800000|  0%| F|  |TAMS 0x0000000097700000| PB 0x0000000097700000| Untracked 
| 376|0x0000000097800000, 0x0000000097800000, 0x0000000097900000|  0%| F|  |TAMS 0x0000000097800000| PB 0x0000000097800000| Untracked 
| 377|0x0000000097900000, 0x0000000097900000, 0x0000000097a00000|  0%| F|  |TAMS 0x0000000097900000| PB 0x0000000097900000| Untracked 
| 378|0x0000000097a00000, 0x0000000097a00000, 0x0000000097b00000|  0%| F|  |TAMS 0x0000000097a00000| PB 0x0000000097a00000| Untracked 
| 379|0x0000000097b00000, 0x0000000097b00000, 0x0000000097c00000|  0%| F|  |TAMS 0x0000000097b00000| PB 0x0000000097b00000| Untracked 
| 380|0x0000000097c00000, 0x0000000097c00000, 0x0000000097d00000|  0%| F|  |TAMS 0x0000000097c00000| PB 0x0000000097c00000| Untracked 
| 381|0x0000000097d00000, 0x0000000097d00000, 0x0000000097e00000|  0%| F|  |TAMS 0x0000000097d00000| PB 0x0000000097d00000| Untracked 
| 382|0x0000000097e00000, 0x0000000097e00000, 0x0000000097f00000|  0%| F|  |TAMS 0x0000000097e00000| PB 0x0000000097e00000| Untracked 
| 383|0x0000000097f00000, 0x0000000097f00000, 0x0000000098000000|  0%| F|  |TAMS 0x0000000097f00000| PB 0x0000000097f00000| Untracked 
| 384|0x0000000098000000, 0x0000000098000000, 0x0000000098100000|  0%| F|  |TAMS 0x0000000098000000| PB 0x0000000098000000| Untracked 
| 385|0x0000000098100000, 0x0000000098100000, 0x0000000098200000|  0%| F|  |TAMS 0x0000000098100000| PB 0x0000000098100000| Untracked 
| 386|0x0000000098200000, 0x0000000098200000, 0x0000000098300000|  0%| F|  |TAMS 0x0000000098200000| PB 0x0000000098200000| Untracked 
| 387|0x0000000098300000, 0x0000000098300000, 0x0000000098400000|  0%| F|  |TAMS 0x0000000098300000| PB 0x0000000098300000| Untracked 
| 388|0x0000000098400000, 0x0000000098400000, 0x0000000098500000|  0%| F|  |TAMS 0x0000000098400000| PB 0x0000000098400000| Untracked 
| 389|0x0000000098500000, 0x0000000098500000, 0x0000000098600000|  0%| F|  |TAMS 0x0000000098500000| PB 0x0000000098500000| Untracked 
| 390|0x0000000098600000, 0x0000000098600000, 0x0000000098700000|  0%| F|  |TAMS 0x0000000098600000| PB 0x0000000098600000| Untracked 
| 391|0x0000000098700000, 0x0000000098700000, 0x0000000098800000|  0%| F|  |TAMS 0x0000000098700000| PB 0x0000000098700000| Untracked 
| 392|0x0000000098800000, 0x0000000098800000, 0x0000000098900000|  0%| F|  |TAMS 0x0000000098800000| PB 0x0000000098800000| Untracked 
| 393|0x0000000098900000, 0x0000000098900000, 0x0000000098a00000|  0%| F|  |TAMS 0x0000000098900000| PB 0x0000000098900000| Untracked 
| 394|0x0000000098a00000, 0x0000000098a00000, 0x0000000098b00000|  0%| F|  |TAMS 0x0000000098a00000| PB 0x0000000098a00000| Untracked 
| 395|0x0000000098b00000, 0x0000000098b00000, 0x0000000098c00000|  0%| F|  |TAMS 0x0000000098b00000| PB 0x0000000098b00000| Untracked 
| 396|0x0000000098c00000, 0x0000000098c00000, 0x0000000098d00000|  0%| F|  |TAMS 0x0000000098c00000| PB 0x0000000098c00000| Untracked 
| 397|0x0000000098d00000, 0x0000000098d00000, 0x0000000098e00000|  0%| F|  |TAMS 0x0000000098d00000| PB 0x0000000098d00000| Untracked 
| 398|0x0000000098e00000, 0x0000000098e00000, 0x0000000098f00000|  0%| F|  |TAMS 0x0000000098e00000| PB 0x0000000098e00000| Untracked 
| 399|0x0000000098f00000, 0x0000000098f00000, 0x0000000099000000|  0%| F|  |TAMS 0x0000000098f00000| PB 0x0000000098f00000| Untracked 
| 400|0x0000000099000000, 0x0000000099000000, 0x0000000099100000|  0%| F|  |TAMS 0x0000000099000000| PB 0x0000000099000000| Untracked 
|2030|0x00000000fee00000, 0x00000000fee00000, 0x00000000fef00000|  0%| F|  |TAMS 0x00000000fee00000| PB 0x00000000fee00000| Untracked 
|2031|0x00000000fef00000, 0x00000000fef00000, 0x00000000ff000000|  0%| F|  |TAMS 0x00000000fef00000| PB 0x00000000fef00000| Untracked 
|2032|0x00000000ff000000, 0x00000000ff000000, 0x00000000ff100000|  0%| F|  |TAMS 0x00000000ff000000| PB 0x00000000ff000000| Untracked 
|2033|0x00000000ff100000, 0x00000000ff100000, 0x00000000ff200000|  0%| F|  |TAMS 0x00000000ff100000| PB 0x00000000ff100000| Untracked 
|2034|0x00000000ff200000, 0x00000000ff200000, 0x00000000ff300000|  0%| F|  |TAMS 0x00000000ff200000| PB 0x00000000ff200000| Untracked 
|2035|0x00000000ff300000, 0x00000000ff300000, 0x00000000ff400000|  0%| F|  |TAMS 0x00000000ff300000| PB 0x00000000ff300000| Untracked 
|2036|0x00000000ff400000, 0x00000000ff400000, 0x00000000ff500000|  0%| F|  |TAMS 0x00000000ff400000| PB 0x00000000ff400000| Untracked 
|2037|0x00000000ff500000, 0x00000000ff500000, 0x00000000ff600000|  0%| F|  |TAMS 0x00000000ff500000| PB 0x00000000ff500000| Untracked 
|2038|0x00000000ff600000, 0x00000000ff600000, 0x00000000ff700000|  0%| F|  |TAMS 0x00000000ff600000| PB 0x00000000ff600000| Untracked 
|2039|0x00000000ff700000, 0x00000000ff700000, 0x00000000ff800000|  0%| F|  |TAMS 0x00000000ff700000| PB 0x00000000ff700000| Untracked 
|2040|0x00000000ff800000, 0x00000000ff800000, 0x00000000ff900000|  0%| F|  |TAMS 0x00000000ff800000| PB 0x00000000ff800000| Untracked 
|2041|0x00000000ff900000, 0x00000000ff900000, 0x00000000ffa00000|  0%| F|  |TAMS 0x00000000ff900000| PB 0x00000000ff900000| Untracked 
|2042|0x00000000ffa00000, 0x00000000ffa00000, 0x00000000ffb00000|  0%| F|  |TAMS 0x00000000ffa00000| PB 0x00000000ffa00000| Untracked 
|2043|0x00000000ffb00000, 0x00000000ffb00000, 0x00000000ffc00000|  0%| F|  |TAMS 0x00000000ffb00000| PB 0x00000000ffb00000| Untracked 
|2044|0x00000000ffc00000, 0x00000000ffc00000, 0x00000000ffd00000|  0%| F|  |TAMS 0x00000000ffc00000| PB 0x00000000ffc00000| Untracked 
|2045|0x00000000ffd00000, 0x00000000ffd00000, 0x00000000ffe00000|  0%| F|  |TAMS 0x00000000ffd00000| PB 0x00000000ffd00000| Untracked 
|2046|0x00000000ffe00000, 0x00000000ffe00000, 0x00000000fff00000|  0%| F|  |TAMS 0x00000000ffe00000| PB 0x00000000ffe00000| Untracked 
|2047|0x00000000fff00000, 0x00000000fff00000, 0x0000000100000000|  0%| F|  |TAMS 0x00000000fff00000| PB 0x00000000fff00000| Untracked 

Card table byte_map: [0x000002512f9b0000,0x000002512fdb0000] _byte_map_base: 0x000002512f5b0000

Marking Bits: (CMBitMap*) 0x000002511d185270
 Bits: [0x000002512fdb0000, 0x0000025131db0000)

Polling page: 0x000002511b080000

Metaspace:

Usage:
  Non-class:    137.18 MB used.
      Class:     20.59 MB used.
       Both:    157.76 MB used.

Virtual space:
  Non-class space:      192.00 MB reserved,     138.44 MB ( 72%) committed,  3 nodes.
      Class space:        1.00 GB reserved,      21.81 MB (  2%) committed,  1 nodes.
             Both:        1.19 GB reserved,     160.25 MB ( 13%) committed. 

Chunk freelists:
   Non-Class:  4.98 MB
       Class:  10.16 MB
        Both:  15.14 MB

MaxMetaspaceSize: unlimited
CompressedClassSpaceSize: 1.00 GB
Initial GC threshold: 21.00 MB
Current GC threshold: 267.00 MB
CDS: off
 - commit_granule_bytes: 65536.
 - commit_granule_words: 8192.
 - virtual_space_node_default_size: 8388608.
 - enlarge_chunks_in_place: 1.
 - use_allocation_guard: 0.


Internal statistics:

num_allocs_failed_limit: 9.
num_arena_births: 4794.
num_arena_deaths: 34.
num_vsnodes_births: 4.
num_vsnodes_deaths: 0.
num_space_committed: 2558.
num_space_uncommitted: 0.
num_chunks_returned_to_freelist: 60.
num_chunks_taken_from_freelist: 11743.
num_chunk_merges: 9.
num_chunk_splits: 7677.
num_chunks_enlarged: 4951.
num_inconsistent_stats: 0.

CodeHeap 'non-profiled nmethods': size=120000Kb used=17636Kb max_used=18013Kb free=102364Kb
 bounds [0x0000025127d50000, 0x0000025128fe0000, 0x000002512f280000]
CodeHeap 'profiled nmethods': size=120000Kb used=39959Kb max_used=43572Kb free=80040Kb
 bounds [0x0000025120280000, 0x0000025122db0000, 0x00000251277b0000]
CodeHeap 'non-nmethods': size=5760Kb used=3270Kb max_used=3363Kb free=2489Kb
 bounds [0x00000251277b0000, 0x0000025127b10000, 0x0000025127d50000]
 total_blobs=20566 nmethods=19500 adapters=967
 compilation: enabled
              stopped_count=0, restarted_count=0
 full_count=0

Compilation events (20 events):
Event: 110.921 Thread 0x00000251349d58e0 29145       3       com.android.tools.r8.graph.N2::P0 (14 bytes)
Event: 110.921 Thread 0x00000251349d58e0 nmethod 29145 0x0000025120be6510 code [0x0000025120be66c0, 0x0000025120be6830]
Event: 110.977 Thread 0x00000251349d58e0 29146       3       com.android.tools.r8.internal.Pa::a (5 bytes)
Event: 110.978 Thread 0x00000251349d58e0 nmethod 29146 0x0000025122051490 code [0x0000025122051640, 0x0000025122051780]
Event: 110.993 Thread 0x00000251349d58e0 29148       1       com.android.tools.r8.internal.pr::p (3 bytes)
Event: 110.993 Thread 0x00000251349d58e0 nmethod 29148 0x0000025127e5e490 code [0x0000025127e5e620, 0x0000025127e5e6e8]
Event: 110.998 Thread 0x00000251349d58e0 29149       2       com.android.tools.r8.internal.H5::B (5 bytes)
Event: 110.998 Thread 0x00000251349d58e0 nmethod 29149 0x0000025122153410 code [0x00000251221535a0, 0x00000251221536e0]
Event: 111.012 Thread 0x00000251349d58e0 29150       3       com.android.tools.r8.internal.fH::<init> (25 bytes)
Event: 111.013 Thread 0x00000251349d58e0 nmethod 29150 0x0000025120d13910 code [0x0000025120d13b00, 0x0000025120d14000]
Event: 111.025 Thread 0x00000251349d58e0 29151       2       com.android.tools.r8.internal.FT::J (4 bytes)
Event: 111.025 Thread 0x00000251349d58e0 nmethod 29151 0x0000025122153c90 code [0x0000025122153e20, 0x0000025122153f30]
Event: 111.027 Thread 0x00000251349d58e0 29152       2       com.android.tools.r8.internal.Nq::<init> (5 bytes)
Event: 111.027 Thread 0x00000251349d58e0 nmethod 29152 0x0000025122195290 code [0x0000025122195420, 0x0000025122195530]
Event: 111.042 Thread 0x00000251349d58e0 29153       2       com.android.tools.r8.internal.Q5$$Lambda/0x00000001015904c8::<init> (10 bytes)
Event: 111.042 Thread 0x00000251349d58e0 nmethod 29153 0x000002512222d010 code [0x000002512222d1a0, 0x000002512222d2f0]
Event: 111.054 Thread 0x00000251349d58e0 29154       2       com.android.tools.r8.internal.A9$$Lambda/0x0000000101592950::test (12 bytes)
Event: 111.055 Thread 0x00000251349d58e0 nmethod 29154 0x0000025120e2e490 code [0x0000025120e2e620, 0x0000025120e2e780]
Event: 111.055 Thread 0x00000251349d58e0 29155       2       com.android.tools.r8.internal.A9::a (12 bytes)
Event: 111.055 Thread 0x00000251349d58e0 nmethod 29155 0x0000025120eb0090 code [0x0000025120eb0240, 0x0000025120eb0368]

GC Heap History (20 events):
Event: 99.649 GC heap after
{Heap after GC invocations=73 (full 0):
 garbage-first heap   total 368640K, used 176264K [0x0000000080000000, 0x0000000100000000)
  region size 1024K, 12 young (12288K), 12 survivors (12288K)
 Metaspace       used 159378K, committed 161856K, reserved 1245184K
  class space    used 20736K, committed 21952K, reserved 1048576K
}
Event: 101.664 GC heap before
{Heap before GC invocations=73 (full 0):
 garbage-first heap   total 368640K, used 336008K [0x0000000080000000, 0x0000000100000000)
  region size 1024K, 169 young (173056K), 12 survivors (12288K)
 Metaspace       used 160156K, committed 162688K, reserved 1245184K
  class space    used 20842K, committed 22080K, reserved 1048576K
}
Event: 101.692 GC heap after
{Heap after GC invocations=74 (full 0):
 garbage-first heap   total 368640K, used 185035K [0x0000000080000000, 0x0000000100000000)
  region size 1024K, 22 young (22528K), 22 survivors (22528K)
 Metaspace       used 160156K, committed 162688K, reserved 1245184K
  class space    used 20842K, committed 22080K, reserved 1048576K
}
Event: 102.292 GC heap before
{Heap before GC invocations=74 (full 0):
 garbage-first heap   total 368640K, used 326347K [0x0000000080000000, 0x0000000100000000)
  region size 1024K, 161 young (164864K), 22 survivors (22528K)
 Metaspace       used 160400K, committed 162944K, reserved 1245184K
  class space    used 20891K, committed 22144K, reserved 1048576K
}
Event: 102.323 GC heap after
{Heap after GC invocations=75 (full 0):
 garbage-first heap   total 368640K, used 196987K [0x0000000080000000, 0x0000000100000000)
  region size 1024K, 12 young (12288K), 12 survivors (12288K)
 Metaspace       used 160400K, committed 162944K, reserved 1245184K
  class space    used 20891K, committed 22144K, reserved 1048576K
}
Event: 103.398 GC heap before
{Heap before GC invocations=76 (full 0):
 garbage-first heap   total 368640K, used 336251K [0x0000000080000000, 0x0000000100000000)
  region size 1024K, 149 young (152576K), 12 survivors (12288K)
 Metaspace       used 161164K, committed 163648K, reserved 1245184K
  class space    used 21049K, committed 22272K, reserved 1048576K
}
Event: 103.424 GC heap after
{Heap after GC invocations=77 (full 0):
 garbage-first heap   total 368640K, used 205112K [0x0000000080000000, 0x0000000100000000)
  region size 1024K, 10 young (10240K), 10 survivors (10240K)
 Metaspace       used 161164K, committed 163648K, reserved 1245184K
  class space    used 21049K, committed 22272K, reserved 1048576K
}
Event: 105.297 GC heap before
{Heap before GC invocations=77 (full 0):
 garbage-first heap   total 368640K, used 338232K [0x0000000080000000, 0x0000000100000000)
  region size 1024K, 141 young (144384K), 10 survivors (10240K)
 Metaspace       used 161231K, committed 163712K, reserved 1245184K
  class space    used 21052K, committed 22272K, reserved 1048576K
}
Event: 105.323 GC heap after
{Heap after GC invocations=78 (full 0):
 garbage-first heap   total 368640K, used 211968K [0x0000000080000000, 0x0000000100000000)
  region size 1024K, 18 young (18432K), 18 survivors (18432K)
 Metaspace       used 161231K, committed 163712K, reserved 1245184K
  class space    used 21052K, committed 22272K, reserved 1048576K
}
Event: 106.200 GC heap before
{Heap before GC invocations=78 (full 0):
 garbage-first heap   total 368640K, used 331776K [0x0000000080000000, 0x0000000100000000)
  region size 1024K, 135 young (138240K), 18 survivors (18432K)
 Metaspace       used 161277K, committed 163776K, reserved 1245184K
  class space    used 21060K, committed 22272K, reserved 1048576K
}
Event: 106.231 GC heap after
{Heap after GC invocations=79 (full 0):
 garbage-first heap   total 368640K, used 224256K [0x0000000080000000, 0x0000000100000000)
  region size 1024K, 12 young (12288K), 12 survivors (12288K)
 Metaspace       used 161277K, committed 163776K, reserved 1245184K
  class space    used 21060K, committed 22272K, reserved 1048576K
}
Event: 107.620 GC heap before
{Heap before GC invocations=80 (full 0):
 garbage-first heap   total 373760K, used 335872K [0x0000000080000000, 0x0000000100000000)
  region size 1024K, 122 young (124928K), 12 survivors (12288K)
 Metaspace       used 161314K, committed 163840K, reserved 1245184K
  class space    used 21061K, committed 22336K, reserved 1048576K
}
Event: 107.653 GC heap after
{Heap after GC invocations=81 (full 0):
 garbage-first heap   total 373760K, used 234737K [0x0000000080000000, 0x0000000100000000)
  region size 1024K, 11 young (11264K), 11 survivors (11264K)
 Metaspace       used 161314K, committed 163840K, reserved 1245184K
  class space    used 21061K, committed 22336K, reserved 1048576K
}
Event: 108.573 GC heap before
{Heap before GC invocations=81 (full 0):
 garbage-first heap   total 373760K, used 342257K [0x0000000080000000, 0x0000000100000000)
  region size 1024K, 116 young (118784K), 11 survivors (11264K)
 Metaspace       used 161455K, committed 163968K, reserved 1245184K
  class space    used 21074K, committed 22336K, reserved 1048576K
}
Event: 108.608 GC heap after
{Heap after GC invocations=82 (full 0):
 garbage-first heap   total 373760K, used 244279K [0x0000000080000000, 0x0000000100000000)
  region size 1024K, 13 young (13312K), 13 survivors (13312K)
 Metaspace       used 161455K, committed 163968K, reserved 1245184K
  class space    used 21074K, committed 22336K, reserved 1048576K
}
Event: 109.211 GC heap before
{Heap before GC invocations=82 (full 0):
 garbage-first heap   total 373760K, used 339511K [0x0000000080000000, 0x0000000100000000)
  region size 1024K, 107 young (109568K), 13 survivors (13312K)
 Metaspace       used 161463K, committed 163968K, reserved 1245184K
  class space    used 21074K, committed 22336K, reserved 1048576K
}
Event: 109.242 GC heap after
{Heap after GC invocations=83 (full 0):
 garbage-first heap   total 373760K, used 256544K [0x0000000080000000, 0x0000000100000000)
  region size 1024K, 13 young (13312K), 13 survivors (13312K)
 Metaspace       used 161463K, committed 163968K, reserved 1245184K
  class space    used 21074K, committed 22336K, reserved 1048576K
}
Event: 110.161 GC heap before
{Heap before GC invocations=84 (full 0):
 garbage-first heap   total 429056K, used 336416K [0x0000000080000000, 0x0000000100000000)
  region size 1024K, 92 young (94208K), 13 survivors (13312K)
 Metaspace       used 161489K, committed 164032K, reserved 1245184K
  class space    used 21076K, committed 22336K, reserved 1048576K
}
Event: 110.243 GC heap after
{Heap after GC invocations=85 (full 0):
 garbage-first heap   total 429056K, used 265521K [0x0000000080000000, 0x0000000100000000)
  region size 1024K, 9 young (9216K), 9 survivors (9216K)
 Metaspace       used 161489K, committed 164032K, reserved 1245184K
  class space    used 21076K, committed 22336K, reserved 1048576K
}
Event: 111.057 GC heap before
{Heap before GC invocations=85 (full 0):
 garbage-first heap   total 429056K, used 390449K [0x0000000080000000, 0x0000000100000000)
  region size 1024K, 132 young (135168K), 9 survivors (9216K)
 Metaspace       used 161550K, committed 164096K, reserved 1245184K
  class space    used 21081K, committed 22336K, reserved 1048576K
}

Dll operation events (3 events):
Event: 0.035 Loaded shared library C:\Program Files\Android\Android Studio\jbr\bin\java.dll
Event: 0.056 Loaded shared library C:\Program Files\Android\Android Studio\jbr\bin\zip.dll
Event: 1.183 Loaded shared library C:\Program Files\Android\Android Studio\jbr\bin\verify.dll

Deoptimization events (20 events):
Event: 110.672 Thread 0x000002513fe1c930 DEOPT PACKING pc=0x0000025128fca3c8 sp=0x000000d28aff9b90
Event: 110.672 Thread 0x000002513fe1c930 DEOPT UNPACKING pc=0x0000025127807da2 sp=0x000000d28aff9b50 mode 2
Event: 110.715 Thread 0x000002513fe1aef0 Uncommon trap: trap_request=0xffffff45 fr.pc=0x0000025128383ed0 relative=0x0000000000000750
Event: 110.715 Thread 0x000002513fe1aef0 Uncommon trap: reason=unstable_if action=reinterpret pc=0x0000025128383ed0 method=com.android.tools.r8.graph.M2.a([C)I @ 45 c2
Event: 110.715 Thread 0x000002513fe1aef0 DEOPT PACKING pc=0x0000025128383ed0 sp=0x000000d288cf96e0
Event: 110.715 Thread 0x000002513fe1aef0 DEOPT UNPACKING pc=0x0000025127807da2 sp=0x000000d288cf9610 mode 2
Event: 110.718 Thread 0x000002513fe1aef0 Uncommon trap: trap_request=0xffffff45 fr.pc=0x0000025128a43424 relative=0x0000000000000184
Event: 110.718 Thread 0x000002513fe1aef0 Uncommon trap: reason=unstable_if action=reinterpret pc=0x0000025128a43424 method=com.android.tools.r8.graph.M2.a([C)I @ 45 c2
Event: 110.718 Thread 0x000002513fe1aef0 DEOPT PACKING pc=0x0000025128a43424 sp=0x000000d288cf96f0
Event: 110.718 Thread 0x000002513fe1aef0 DEOPT UNPACKING pc=0x0000025127807da2 sp=0x000000d288cf9678 mode 2
Event: 110.793 Thread 0x000002513fe18e20 DEOPT PACKING pc=0x0000025122d8b63b sp=0x000000d288bf9950
Event: 110.795 Thread 0x000002513fe18e20 DEOPT UNPACKING pc=0x00000251278088e2 sp=0x000000d288bf91c8 mode 0
Event: 110.882 Thread 0x000002513fe18e20 DEOPT PACKING pc=0x0000025122c51234 sp=0x000000d288bf9ac0
Event: 110.884 Thread 0x000002513fe18e20 DEOPT UNPACKING pc=0x00000251278088e2 sp=0x000000d288bf91e8 mode 0
Event: 111.022 Thread 0x000002513fe1c2a0 DEOPT PACKING pc=0x0000025120d8cb02 sp=0x000000d28aefa090
Event: 111.022 Thread 0x000002513fe1c2a0 DEOPT UNPACKING pc=0x00000251278088e2 sp=0x000000d28aef9598 mode 0
Event: 111.055 Thread 0x000002513fe1c2a0 Uncommon trap: trap_request=0xffffffde fr.pc=0x000002512815d024 relative=0x0000000000000144
Event: 111.055 Thread 0x000002513fe1c2a0 Uncommon trap: reason=class_check action=maybe_recompile pc=0x000002512815d024 method=com.android.tools.r8.internal.DG.putAll(Ljava/util/Map;)V @ 48 c2
Event: 111.055 Thread 0x000002513fe1c2a0 DEOPT PACKING pc=0x000002512815d024 sp=0x000000d28aefa110
Event: 111.055 Thread 0x000002513fe1c2a0 DEOPT UNPACKING pc=0x0000025127807da2 sp=0x000000d28aefa0a0 mode 2

Classes loaded (20 events):
Event: 85.480 Loading class sun/nio/cs/Surrogate
Event: 85.480 Loading class sun/nio/cs/Surrogate done
Event: 89.746 Loading class java/util/TreeMap$DescendingSubMap
Event: 89.746 Loading class java/util/TreeMap$NavigableSubMap
Event: 89.747 Loading class java/util/TreeMap$NavigableSubMap done
Event: 89.747 Loading class java/util/TreeMap$DescendingSubMap done
Event: 89.748 Loading class java/util/TreeMap$DescendingSubMap$DescendingEntrySetView
Event: 89.748 Loading class java/util/TreeMap$NavigableSubMap$EntrySetView
Event: 89.748 Loading class java/util/TreeMap$NavigableSubMap$EntrySetView done
Event: 89.748 Loading class java/util/TreeMap$DescendingSubMap$DescendingEntrySetView done
Event: 89.748 Loading class java/util/TreeMap$NavigableSubMap$DescendingSubMapEntryIterator
Event: 89.748 Loading class java/util/TreeMap$NavigableSubMap$SubMapIterator
Event: 89.748 Loading class java/util/TreeMap$NavigableSubMap$SubMapIterator done
Event: 89.748 Loading class java/util/TreeMap$NavigableSubMap$DescendingSubMapEntryIterator done
Event: 89.766 Loading class com/sun/org/apache/xerces/internal/dom/DeepNodeListImpl
Event: 89.766 Loading class com/sun/org/apache/xerces/internal/dom/DeepNodeListImpl done
Event: 92.320 Loading class java/util/zip/ZipFile$ZipEntryIterator
Event: 92.320 Loading class java/util/zip/ZipFile$ZipEntryIterator done
Event: 92.323 Loading class java/io/PushbackInputStream
Event: 92.324 Loading class java/io/PushbackInputStream done

Classes unloaded (17 events):
Event: 60.056 Thread 0x000002513494dac0 Unloading class 0x0000000101159000 'java/lang/invoke/LambdaForm$MH+0x0000000101159000'
Event: 60.056 Thread 0x000002513494dac0 Unloading class 0x0000000101158800 'java/lang/invoke/LambdaForm$MH+0x0000000101158800'
Event: 60.056 Thread 0x000002513494dac0 Unloading class 0x0000000101158000 'java/lang/invoke/LambdaForm$MH+0x0000000101158000'
Event: 60.056 Thread 0x000002513494dac0 Unloading class 0x0000000101157800 'java/lang/invoke/LambdaForm$MH+0x0000000101157800'
Event: 60.056 Thread 0x000002513494dac0 Unloading class 0x0000000101157000 'java/lang/invoke/LambdaForm$MH+0x0000000101157000'
Event: 60.056 Thread 0x000002513494dac0 Unloading class 0x0000000101156800 'java/lang/invoke/LambdaForm$MH+0x0000000101156800'
Event: 60.056 Thread 0x000002513494dac0 Unloading class 0x0000000101156400 'java/lang/invoke/LambdaForm$MH+0x0000000101156400'
Event: 60.056 Thread 0x000002513494dac0 Unloading class 0x0000000101155800 'java/lang/invoke/LambdaForm$MH+0x0000000101155800'
Event: 60.056 Thread 0x000002513494dac0 Unloading class 0x0000000101155000 'java/lang/invoke/LambdaForm$MH+0x0000000101155000'
Event: 60.056 Thread 0x000002513494dac0 Unloading class 0x0000000101154800 'java/lang/invoke/LambdaForm$MH+0x0000000101154800'
Event: 60.056 Thread 0x000002513494dac0 Unloading class 0x0000000101154000 'java/lang/invoke/LambdaForm$MH+0x0000000101154000'
Event: 60.056 Thread 0x000002513494dac0 Unloading class 0x0000000101153800 'java/lang/invoke/LambdaForm$MH+0x0000000101153800'
Event: 60.056 Thread 0x000002513494dac0 Unloading class 0x0000000101153000 'java/lang/invoke/LambdaForm$MH+0x0000000101153000'
Event: 60.056 Thread 0x000002513494dac0 Unloading class 0x0000000101152800 'java/lang/invoke/LambdaForm$MH+0x0000000101152800'
Event: 60.056 Thread 0x000002513494dac0 Unloading class 0x0000000101152000 'java/lang/invoke/LambdaForm$MH+0x0000000101152000'
Event: 60.056 Thread 0x000002513494dac0 Unloading class 0x0000000101151800 'java/lang/invoke/LambdaForm$MH+0x0000000101151800'
Event: 60.056 Thread 0x000002513494dac0 Unloading class 0x0000000101151000 'java/lang/invoke/LambdaForm$MH+0x0000000101151000'

Classes redefined (0 events):
No events

Internal exceptions (20 events):
Event: 100.769 Thread 0x000002513bb0dc30 Exception <a 'sun/nio/fs/WindowsException'{0x0000000092ff0e50}> (0x0000000092ff0e50) 
thrown [s\src\hotspot\share\prims\jni.cpp, line 535]
Event: 100.771 Thread 0x000002513bb0dc30 Exception <a 'sun/nio/fs/WindowsException'{0x0000000092ff3028}> (0x0000000092ff3028) 
thrown [s\src\hotspot\share\prims\jni.cpp, line 535]
Event: 100.773 Thread 0x000002513bb0dc30 Exception <a 'sun/nio/fs/WindowsException'{0x0000000092ff40b8}> (0x0000000092ff40b8) 
thrown [s\src\hotspot\share\prims\jni.cpp, line 535]
Event: 100.775 Thread 0x000002513bb0dc30 Exception <a 'sun/nio/fs/WindowsException'{0x0000000092ff8388}> (0x0000000092ff8388) 
thrown [s\src\hotspot\share\prims\jni.cpp, line 535]
Event: 100.777 Thread 0x000002513bb0dc30 Exception <a 'sun/nio/fs/WindowsException'{0x0000000092ff93f8}> (0x0000000092ff93f8) 
thrown [s\src\hotspot\share\prims\jni.cpp, line 535]
Event: 100.779 Thread 0x000002513bb0dc30 Exception <a 'sun/nio/fs/WindowsException'{0x0000000092ffb578}> (0x0000000092ffb578) 
thrown [s\src\hotspot\share\prims\jni.cpp, line 535]
Event: 100.780 Thread 0x000002513bb0dc30 Exception <a 'sun/nio/fs/WindowsException'{0x0000000092ffc5f8}> (0x0000000092ffc5f8) 
thrown [s\src\hotspot\share\prims\jni.cpp, line 535]
Event: 100.782 Thread 0x000002513bb0dc30 Exception <a 'sun/nio/fs/WindowsException'{0x0000000092ffd658}> (0x0000000092ffd658) 
thrown [s\src\hotspot\share\prims\jni.cpp, line 535]
Event: 100.833 Thread 0x000002513bb0dc30 Exception <a 'java/lang/NoSuchMethodError'{0x0000000092ee5480}: static Lcom/android/build/gradle/internal/tasks/MergeNativeLibsTask$InputFile;.<clinit>()V> (0x0000000092ee5480) 
thrown [s\src\hotspot\share\prims\jni.cpp, line 1135]
Event: 101.310 Thread 0x000002513fe1c930 Exception <a 'sun/nio/fs/WindowsException'{0x0000000090a80388}> (0x0000000090a80388) 
thrown [s\src\hotspot\share\prims\jni.cpp, line 535]
Event: 101.336 Thread 0x000002513fe1aef0 Exception <a 'java/lang/IncompatibleClassChangeError'{0x00000000900391c0}: Found class java.lang.Object, but interface was expected> (0x00000000900391c0) 
thrown [s\src\hotspot\share\interpreter\linkResolver.cpp, line 851]
Event: 101.360 Thread 0x000002513fe1a860 Implicit null exception at 0x00000251286ce7ad to 0x00000251286d0b3c
Event: 102.835 Thread 0x000002513fe1a860 Implicit null exception at 0x0000025127f5ebfd to 0x0000025127f5ed2c
Event: 102.874 Thread 0x000002513fe1b580 Exception <a 'java/lang/NoSuchMethodError'{0x0000000093e655c8}: 'java.lang.Object java.lang.invoke.DirectMethodHandle$Holder.newInvokeSpecial(java.lang.Object, int, java.lang.Object, java.lang.Object, java.lang.Object, java.lang.Object)'> (0x0000000093e655c8) 
thrown [s\src\hotspot\share\interpreter\linkResolver.cpp, line 784]
Event: 103.204 Thread 0x000002513fe1aef0 Exception <a 'sun/nio/fs/WindowsException'{0x000000008fc7d430}> (0x000000008fc7d430) 
thrown [s\src\hotspot\share\prims\jni.cpp, line 535]
Event: 103.234 Thread 0x000002513fe1a860 Exception <a 'sun/nio/fs/WindowsException'{0x0000000090216d48}> (0x0000000090216d48) 
thrown [s\src\hotspot\share\prims\jni.cpp, line 535]
Event: 103.296 Thread 0x000002513bb09a90 Exception <a 'sun/nio/fs/WindowsException'{0x000000008f282f90}> (0x000000008f282f90) 
thrown [s\src\hotspot\share\prims\jni.cpp, line 535]
Event: 104.856 Thread 0x000002513fe194b0 Exception <a 'sun/nio/fs/WindowsException'{0x0000000091337f68}> (0x0000000091337f68) 
thrown [s\src\hotspot\share\prims\jni.cpp, line 535]
Event: 108.011 Thread 0x000002513fe1b580 Exception <a 'sun/nio/fs/WindowsException'{0x00000000944ce010}> (0x00000000944ce010) 
thrown [s\src\hotspot\share\prims\jni.cpp, line 535]
Event: 110.726 Thread 0x000002513fe194b0 Exception <a 'sun/nio/fs/WindowsException'{0x00000000951a1cc8}> (0x00000000951a1cc8) 
thrown [s\src\hotspot\share\prims\jni.cpp, line 535]

ZGC Phase Switch (0 events):
No events

VM Operations (20 events):
Event: 106.231 Executing VM operation: G1CollectForAllocation (G1 Evacuation Pause) done
Event: 106.727 Executing VM operation: G1PauseRemark
Event: 106.829 Executing VM operation: G1PauseRemark done
Event: 107.140 Executing VM operation: G1PauseCleanup
Event: 107.229 Executing VM operation: G1PauseCleanup done
Event: 107.592 Executing VM operation: G1CollectForAllocation (G1 Evacuation Pause)
Event: 107.653 Executing VM operation: G1CollectForAllocation (G1 Evacuation Pause) done
Event: 107.879 Executing VM operation: HandshakeAllThreads (Deoptimize)
Event: 108.541 Executing VM operation: HandshakeAllThreads (Deoptimize) done
Event: 108.541 Executing VM operation: G1CollectForAllocation (G1 Evacuation Pause)
Event: 108.608 Executing VM operation: G1CollectForAllocation (G1 Evacuation Pause) done
Event: 109.202 Executing VM operation: G1CollectForAllocation (G1 Evacuation Pause)
Event: 109.242 Executing VM operation: G1CollectForAllocation (G1 Evacuation Pause) done
Event: 109.761 Executing VM operation: G1PauseRemark
Event: 109.789 Executing VM operation: G1PauseRemark done
Event: 110.107 Executing VM operation: G1PauseCleanup
Event: 110.107 Executing VM operation: G1PauseCleanup done
Event: 110.144 Executing VM operation: G1CollectForAllocation (G1 Evacuation Pause)
Event: 110.243 Executing VM operation: G1CollectForAllocation (G1 Evacuation Pause) done
Event: 111.056 Executing VM operation: G1CollectForAllocation (G1 Evacuation Pause)

Memory protections (0 events):
No events

Nmethod flushes (20 events):
Event: 109.786 Thread 0x000002513494dac0 flushing  nmethod 0x0000025120857b10
Event: 109.786 Thread 0x000002513494dac0 flushing  nmethod 0x0000025120937510
Event: 109.786 Thread 0x000002513494dac0 flushing  nmethod 0x0000025120bd6d90
Event: 109.786 Thread 0x000002513494dac0 flushing  nmethod 0x0000025120c46010
Event: 109.786 Thread 0x000002513494dac0 flushing  nmethod 0x0000025120cd8910
Event: 109.786 Thread 0x000002513494dac0 flushing  nmethod 0x0000025120d5d290
Event: 109.786 Thread 0x000002513494dac0 flushing  nmethod 0x0000025120db7b10
Event: 109.786 Thread 0x000002513494dac0 flushing  nmethod 0x0000025120e78510
Event: 109.786 Thread 0x000002513494dac0 flushing  nmethod 0x0000025120e78910
Event: 109.786 Thread 0x000002513494dac0 flushing  nmethod 0x0000025120eccf90
Event: 109.786 Thread 0x000002513494dac0 flushing  nmethod 0x0000025120f6b490
Event: 109.786 Thread 0x000002513494dac0 flushing  nmethod 0x0000025120fa7490
Event: 109.786 Thread 0x000002513494dac0 flushing  nmethod 0x0000025121363790
Event: 109.786 Thread 0x000002513494dac0 flushing  nmethod 0x0000025121594c90
Event: 109.786 Thread 0x000002513494dac0 flushing  nmethod 0x0000025121826d90
Event: 109.786 Thread 0x000002513494dac0 flushing  nmethod 0x0000025121a70190
Event: 109.786 Thread 0x000002513494dac0 flushing  nmethod 0x0000025121da6790
Event: 109.786 Thread 0x000002513494dac0 flushing  nmethod 0x000002512246c710
Event: 109.786 Thread 0x000002513494dac0 flushing  nmethod 0x000002512267e310
Event: 109.786 Thread 0x000002513494dac0 flushing  nmethod 0x0000025122978590

Events (20 events):
Event: 87.859 Thread 0x00000251349c69a0 Thread added: 0x0000025147598170
Event: 88.734 Thread 0x0000025147598170 Thread exited: 0x0000025147598170
Event: 89.462 Thread 0x00000251349c69a0 Thread added: 0x0000025147598170
Event: 90.055 Thread 0x0000025147598170 Thread exited: 0x0000025147598170
Event: 91.146 Thread 0x00000251349d58e0 Thread added: 0x0000025147598170
Event: 92.201 Thread 0x000002513bb0dc30 Thread added: 0x000002513fe1dce0
Event: 93.472 Thread 0x0000025147598170 Thread added: 0x0000025147598840
Event: 94.254 Thread 0x000002513fe1cfc0 Thread exited: 0x000002513fe1cfc0
Event: 95.600 Thread 0x0000025147598840 Thread exited: 0x0000025147598840
Event: 96.505 Thread 0x0000025147598170 Thread exited: 0x0000025147598170
Event: 97.290 Thread 0x00000251349d58e0 Thread added: 0x0000025147598170
Event: 97.353 Thread 0x000002513bb0dc30 Thread added: 0x00000251478370a0
Event: 99.199 Thread 0x0000025147598170 Thread exited: 0x0000025147598170
Event: 99.398 Thread 0x000002513fd443f0 Thread exited: 0x000002513fd443f0
Event: 99.970 Thread 0x00000251349d58e0 Thread added: 0x0000025147595890
Event: 100.192 Thread 0x0000025147595890 Thread exited: 0x0000025147595890
Event: 100.864 Thread 0x00000251349d58e0 Thread added: 0x0000025147598f10
Event: 101.040 Thread 0x0000025147598f10 Thread exited: 0x0000025147598f10
Event: 101.052 Thread 0x00000251349d58e0 Thread added: 0x0000025147598170
Event: 101.052 Thread 0x00000251349d58e0 Thread added: 0x0000025147598840


Dynamic libraries:
0x00007ff671600000 - 0x00007ff67160a000 	C:\Program Files\Android\Android Studio\jbr\bin\java.exe
0x00007ffae4040000 - 0x00007ffae42a8000 	C:\WINDOWS\SYSTEM32\ntdll.dll
0x00007ffae2d40000 - 0x00007ffae2e09000 	C:\WINDOWS\System32\KERNEL32.DLL
0x00007ffae1800000 - 0x00007ffae1bf2000 	C:\WINDOWS\System32\KERNELBASE.dll
0x00007ffae11d0000 - 0x00007ffae131b000 	C:\WINDOWS\System32\ucrtbase.dll
0x00007ffad2a30000 - 0x00007ffad2a48000 	C:\Program Files\Android\Android Studio\jbr\bin\jli.dll
0x00007ffae3e20000 - 0x00007ffae3fe5000 	C:\WINDOWS\System32\USER32.dll
0x00007ffac7750000 - 0x00007ffac776b000 	C:\Program Files\Android\Android Studio\jbr\bin\VCRUNTIME140.dll
0x00007ffae1560000 - 0x00007ffae1587000 	C:\WINDOWS\System32\win32u.dll
0x00007ffae2f80000 - 0x00007ffae2fab000 	C:\WINDOWS\System32\GDI32.dll
0x00007ffab3070000 - 0x00007ffab3303000 	C:\WINDOWS\WinSxS\amd64_microsoft.windows.common-controls_6595b64144ccf1df_6.0.26100.6899_none_3e0efeeae32e88c1\COMCTL32.dll
0x00007ffae16d0000 - 0x00007ffae17fd000 	C:\WINDOWS\System32\gdi32full.dll
0x00007ffae1590000 - 0x00007ffae1633000 	C:\WINDOWS\System32\msvcp_win.dll
0x00007ffae3c70000 - 0x00007ffae3d19000 	C:\WINDOWS\System32\msvcrt.dll
0x00007ffae1ec0000 - 0x00007ffae1eef000 	C:\WINDOWS\System32\IMM32.DLL
0x00007ffad2880000 - 0x00007ffad288c000 	C:\Program Files\Android\Android Studio\jbr\bin\vcruntime140_1.dll
0x00007ffa735e0000 - 0x00007ffa7366d000 	C:\Program Files\Android\Android Studio\jbr\bin\msvcp140.dll
0x00007ffa2aca0000 - 0x00007ffa2b92a000 	C:\Program Files\Android\Android Studio\jbr\bin\server\jvm.dll
0x00007ffae3710000 - 0x00007ffae37c4000 	C:\WINDOWS\System32\ADVAPI32.dll
0x00007ffae2110000 - 0x00007ffae21b6000 	C:\WINDOWS\System32\sechost.dll
0x00007ffae1f00000 - 0x00007ffae2018000 	C:\WINDOWS\System32\RPCRT4.dll
0x00007ffae1e10000 - 0x00007ffae1e84000 	C:\WINDOWS\System32\WS2_32.dll
0x00007ffabf630000 - 0x00007ffabf665000 	C:\WINDOWS\SYSTEM32\WINMM.dll
0x00007ffad08f0000 - 0x00007ffad08fb000 	C:\WINDOWS\SYSTEM32\VERSION.dll
0x00007ffae1030000 - 0x00007ffae108e000 	C:\WINDOWS\SYSTEM32\POWRPROF.dll
0x00007ffae1010000 - 0x00007ffae1024000 	C:\WINDOWS\SYSTEM32\UMPDC.dll
0x00007ffadffa0000 - 0x00007ffadffbb000 	C:\WINDOWS\SYSTEM32\kernel.appcore.dll
0x00007ffad27f0000 - 0x00007ffad27fa000 	C:\Program Files\Android\Android Studio\jbr\bin\jimage.dll
0x00007ffade7a0000 - 0x00007ffade9e2000 	C:\WINDOWS\SYSTEM32\DBGHELP.DLL
0x00007ffae2910000 - 0x00007ffae2c8b000 	C:\WINDOWS\System32\combase.dll
0x00007ffae2360000 - 0x00007ffae2437000 	C:\WINDOWS\System32\OLEAUT32.dll
0x00007fface130000 - 0x00007fface16c000 	C:\WINDOWS\SYSTEM32\dbgcore.DLL
0x00007ffae1c00000 - 0x00007ffae1c98000 	C:\WINDOWS\System32\bcryptPrimitives.dll
0x00007ffadda40000 - 0x00007ffadda4e000 	C:\Program Files\Android\Android Studio\jbr\bin\instrument.dll
0x00007ffac76c0000 - 0x00007ffac76e0000 	C:\Program Files\Android\Android Studio\jbr\bin\java.dll
0x00007ffac7660000 - 0x00007ffac7678000 	C:\Program Files\Android\Android Studio\jbr\bin\zip.dll
0x00007ffae2fc0000 - 0x00007ffae370d000 	C:\WINDOWS\System32\SHELL32.dll
0x00007ffae1ca0000 - 0x00007ffae1e0b000 	C:\WINDOWS\System32\wintypes.dll
0x00007ffadedf0000 - 0x00007ffadf64d000 	C:\WINDOWS\SYSTEM32\windows.storage.dll
0x00007ffae27c0000 - 0x00007ffae28b2000 	C:\WINDOWS\System32\SHCORE.dll
0x00007ffae2020000 - 0x00007ffae2082000 	C:\WINDOWS\System32\shlwapi.dll
0x00007ffae10f0000 - 0x00007ffae1119000 	C:\WINDOWS\SYSTEM32\profapi.dll
0x00007ffacdfd0000 - 0x00007ffacdfe0000 	C:\Program Files\Android\Android Studio\jbr\bin\net.dll
0x00007ffad5950000 - 0x00007ffad5a6f000 	C:\WINDOWS\SYSTEM32\WINHTTP.dll
0x00007ffae0510000 - 0x00007ffae057b000 	C:\WINDOWS\system32\mswsock.dll
0x00007ffac7640000 - 0x00007ffac7656000 	C:\Program Files\Android\Android Studio\jbr\bin\nio.dll
0x00007ffac4df0000 - 0x00007ffac4e00000 	C:\Program Files\Android\Android Studio\jbr\bin\verify.dll
0x00007ffa9a250000 - 0x00007ffa9a277000 	C:\Users\sunil\.gradle\native\c067742578af261105cb4f569cf0c3c89f3d7b1fecec35dd04571415982c5e48\windows-amd64\native-platform.dll
0x00007ffa69280000 - 0x00007ffa693c4000 	C:\Users\sunil\.gradle\native\100fb08df4bc3b14c8652ba06237920a3bd2aa13389f12d3474272988ae205f9\windows-amd64\native-platform-file-events.dll
0x00007ffac76b0000 - 0x00007ffac76b9000 	C:\Program Files\Android\Android Studio\jbr\bin\management.dll
0x00007ffac4e10000 - 0x00007ffac4e1b000 	C:\Program Files\Android\Android Studio\jbr\bin\management_ext.dll
0x00007ffae2fb0000 - 0x00007ffae2fb8000 	C:\WINDOWS\System32\PSAPI.DLL
0x00007ffae07c0000 - 0x00007ffae07db000 	C:\WINDOWS\SYSTEM32\CRYPTSP.dll
0x00007ffadff00000 - 0x00007ffadff3b000 	C:\WINDOWS\system32\rsaenh.dll
0x00007ffae05b0000 - 0x00007ffae05db000 	C:\WINDOWS\SYSTEM32\USERENV.dll
0x00007ffae10c0000 - 0x00007ffae10e6000 	C:\WINDOWS\SYSTEM32\bcrypt.dll
0x00007ffae07e0000 - 0x00007ffae07ec000 	C:\WINDOWS\SYSTEM32\CRYPTBASE.dll
0x00007ffadfa20000 - 0x00007ffadfa54000 	C:\WINDOWS\SYSTEM32\IPHLPAPI.DLL
0x00007ffae2e10000 - 0x00007ffae2e1a000 	C:\WINDOWS\System32\NSI.dll
0x00007ffacdd00000 - 0x00007ffacdd09000 	C:\Program Files\Android\Android Studio\jbr\bin\extnet.dll
0x00007ffa43090000 - 0x00007ffa43098000 	C:\WINDOWS\system32\wshunix.dll
0x00007ffabdd90000 - 0x00007ffabdda8000 	C:\WINDOWS\system32\napinsp.dll
0x00007ffadfa60000 - 0x00007ffadfb86000 	C:\WINDOWS\SYSTEM32\DNSAPI.dll
0x00007ffabdd70000 - 0x00007ffabdd82000 	C:\WINDOWS\System32\winrnr.dll
0x00007ffabdd40000 - 0x00007ffabdd68000 	C:\WINDOWS\system32\nlansp_c.dll
0x00007ffabdd20000 - 0x00007ffabdd36000 	C:\WINDOWS\system32\wshbth.dll
0x00007ffad97f0000 - 0x00007ffad97fb000 	C:\Windows\System32\rasadhlp.dll
0x00007ffad99b0000 - 0x00007ffad9a36000 	C:\WINDOWS\System32\fwpuclnt.dll
0x00007ffae00c0000 - 0x00007ffae00f6000 	C:\WINDOWS\SYSTEM32\ntmarta.dll

dbghelp: loaded successfully - version: 4.0.5 - missing functions: none
symbol engine: initialized successfully - sym options: 0x614 - pdb path: .;C:\Program Files\Android\Android Studio\jbr\bin;C:\WINDOWS\SYSTEM32;C:\WINDOWS\WinSxS\amd64_microsoft.windows.common-controls_6595b64144ccf1df_6.0.26100.6899_none_3e0efeeae32e88c1;C:\Program Files\Android\Android Studio\jbr\bin\server;C:\Users\sunil\.gradle\native\c067742578af261105cb4f569cf0c3c89f3d7b1fecec35dd04571415982c5e48\windows-amd64;C:\Users\sunil\.gradle\native\100fb08df4bc3b14c8652ba06237920a3bd2aa13389f12d3474272988ae205f9\windows-amd64

VM Arguments:
jvm_args: --add-opens=java.base/java.lang=ALL-UNNAMED --add-opens=java.base/java.lang.invoke=ALL-UNNAMED --add-opens=java.base/java.util=ALL-UNNAMED --add-opens=java.prefs/java.util.prefs=ALL-UNNAMED --add-exports=jdk.compiler/com.sun.tools.javac.api=ALL-UNNAMED --add-exports=jdk.compiler/com.sun.tools.javac.util=ALL-UNNAMED --add-opens=java.base/java.util=ALL-UNNAMED --add-opens=java.prefs/java.util.prefs=ALL-UNNAMED --add-opens=java.base/java.nio.charset=ALL-UNNAMED --add-opens=java.base/java.net=ALL-UNNAMED --add-opens=java.base/java.util.concurrent.atomic=ALL-UNNAMED --add-opens=java.xml/javax.xml.namespace=ALL-UNNAMED -Xmx2048m -Dfile.encoding=UTF-8 -Duser.country=IN -Duser.language=en -Duser.variant -javaagent:C:\Users\sunil\.gradle\wrapper\dists\gradle-8.11.1-bin\bpt9gzteqjrbo1mjrsomdt32c\gradle-8.11.1\lib\agents\gradle-instrumentation-agent-8.11.1.jar 
java_command: org.gradle.launcher.daemon.bootstrap.GradleDaemon 8.11.1
java_class_path (initial): C:\Users\sunil\.gradle\wrapper\dists\gradle-8.11.1-bin\bpt9gzteqjrbo1mjrsomdt32c\gradle-8.11.1\lib\gradle-daemon-main-8.11.1.jar
Launcher Type: SUN_STANDARD

[Global flags]
     intx CICompilerCount                          = 4                                         {product} {ergonomic}
     uint ConcGCThreads                            = 2                                         {product} {ergonomic}
     uint G1ConcRefinementThreads                  = 8                                         {product} {ergonomic}
   size_t G1HeapRegionSize                         = 1048576                                   {product} {ergonomic}
    uintx GCDrainStackTargetSize                   = 64                                        {product} {ergonomic}
   size_t InitialHeapSize                          = 398458880                                 {product} {ergonomic}
   size_t MarkStackSize                            = 4194304                                   {product} {ergonomic}
   size_t MaxHeapSize                              = 2147483648                                {product} {command line}
   size_t MaxNewSize                               = 1287651328                                {product} {ergonomic}
   size_t MinHeapDeltaBytes                        = 1048576                                   {product} {ergonomic}
   size_t MinHeapSize                              = 8388608                                   {product} {ergonomic}
    uintx NonNMethodCodeHeapSize                   = 5839372                                {pd product} {ergonomic}
    uintx NonProfiledCodeHeapSize                  = 122909434                              {pd product} {ergonomic}
    uintx ProfiledCodeHeapSize                     = 122909434                              {pd product} {ergonomic}
    uintx ReservedCodeCacheSize                    = 251658240                              {pd product} {ergonomic}
     bool SegmentedCodeCache                       = true                                      {product} {ergonomic}
   size_t SoftMaxHeapSize                          = 2147483648                             {manageable} {ergonomic}
     bool UseCompressedOops                        = true                           {product lp64_product} {ergonomic}
     bool UseG1GC                                  = true                                      {product} {ergonomic}
     bool UseLargePagesIndividualAllocation        = false                                  {pd product} {ergonomic}

Logging:
Log output configuration:
 #0: stdout all=warning uptime,level,tags foldmultilines=false
 #1: stderr all=off uptime,level,tags foldmultilines=false

Environment Variables:
PATH=C:\Users\sunil\Desktop\Sunil\Scripts\;C:\Users\sunil\Desktop\Sunil\;C:\WINDOWS\system32;C:\WINDOWS;C:\WINDOWS\System32\Wbem;C:\WINDOWS\System32\WindowsPowerShell\v1.0\;C:\WINDOWS\System32\OpenSSH\;C:\Program Files\Amazon\AWSSAMCLI\bin\;C:\Program Files\nodejs\;C:\Program Files\Git\cmd;C:\Program Files\Amazon\AWSCLIV2\;C:\Users\sunil\scoop\apps\openssl\current\bin;C:\Users\sunil\scoop\shims;C:\Users\sunil\AppData\Local\Microsoft\WindowsApps;C:\Users\sunil\AppData\Local\Programs\Microsoft VS Code\bin;C:\Users\sunil\AppData\Roaming\npm;C:\Program Files\nodejs;C:\Program Files\liquibase-pro
USERNAME=sunil
OS=Windows_NT
PROCESSOR_IDENTIFIER=Intel64 Family 6 Model 140 Stepping 1, GenuineIntel
TMP=C:\Users\sunil\AppData\Local\Temp
TEMP=C:\Users\sunil\AppData\Local\Temp




Periodic native trim disabled

JNI global refs:
JNI global refs: 31, weak refs: 97

JNI global refs memory usage: 835, weak refs: 1465

Process memory usage:
Resident Set Size: 919856K (3% of 24840176K total physical memory with 2057352K free physical memory)

OOME stack traces (most recent first):
Classloader memory used:
Loader org.gradle.internal.classloader.VisitableURLClassLoader$InstrumentingVisitableURLClassLoader: 68187K
Loader org.gradle.internal.classloader.VisitableURLClassLoader                         : 45154K
Loader bootstrap                                                                       : 32765K
Loader org.gradle.initialization.MixInLegacyTypesClassLoader                           : 13485K
Loader jdk.internal.loader.ClassLoaders$PlatformClassLoader                            : 570K
Loader org.gradle.internal.classloader.VisitableURLClassLoader                         : 551K
Loader jdk.internal.reflect.DelegatingClassLoader                                      : 458K
Loader jdk.internal.loader.ClassLoaders$AppClassLoader                                 : 234K
Loader org.codehaus.groovy.runtime.callsite.CallSiteClassLoader                        : 141K

Classes loaded by more than one classloader:
Class Program                                                                         : loaded 9 times (x 68B)
Class Build_gradle$1                                                                  : loaded 7 times (x 75B)
Class Build_gradle                                                                    : loaded 7 times (x 126B)
Class org.gradle.kotlin.dsl.VersionCatalogAccessorsKt                                 : loaded 4 times (x 67B)
Class org.gradle.kotlin.dsl.ImplementationConfigurationAccessorsKt                    : loaded 3 times (x 67B)
Class Build_gradle$2                                                                  : loaded 3 times (x 70B)
Class Build_gradle$3                                                                  : loaded 3 times (x 70B)
Class [Lcom.google.common.base.AbstractIterator$State;                                : loaded 2 times (x 65B)
Class com.google.common.base.CharMatcher$IsEither                                     : loaded 2 times (x 107B)
Class org.gradle.internal.classloader.ClassLoaderHierarchy                            : loaded 2 times (x 66B)
Class com.google.common.collect.AbstractMapBasedMultimap$WrappedCollection            : loaded 2 times (x 120B)
Class com.google.common.collect.ImmutableEnumSet                                      : loaded 2 times (x 142B)
Class com.google.common.util.concurrent.ExecutionError                                : loaded 2 times (x 78B)
Class com.google.common.collect.ImmutableList$1                                       : loaded 2 times (x 93B)
Class org.gradle.api.internal.classpath.ManifestUtil                                  : loaded 2 times (x 67B)
Class com.google.common.io.ByteArrayDataOutput                                        : loaded 2 times (x 66B)
Class com.google.common.collect.RegularImmutableMap                                   : loaded 2 times (x 117B)
Class com.google.common.collect.ImmutableMap$MapViewOfValuesAsSingletonSets           : loaded 2 times (x 121B)
Class org.apache.commons.io.function.IOFunction                                       : loaded 2 times (x 66B)
Class com.google.common.collect.TransformedListIterator                               : loaded 2 times (x 89B)
Class [Lorg.objectweb.asm.Symbol;                                                     : loaded 2 times (x 65B)
Class org.objectweb.asm.ClassVisitor                                                  : loaded 2 times (x 84B)
Class com.google.common.collect.UnmodifiableListIterator                              : loaded 2 times (x 91B)
Class com.google.common.collect.MapMakerInternalMap$StrongKeyDummyValueEntry$LinkedStrongKeyDummyValueEntry: loaded 2 times (x 78B)
Class com.google.common.collect.MapMakerInternalMap$Strength                          : loaded 2 times (x 76B)
Class com.google.common.base.Platform$JdkPatternCompiler                              : loaded 2 times (x 71B)
Class org.objectweb.asm.MethodTooLargeException                                       : loaded 2 times (x 79B)
Class [Lcom.google.common.cache.CacheBuilder$OneWeigher;                              : loaded 2 times (x 65B)
Class com.google.common.base.Suppliers                                                : loaded 2 times (x 67B)
Class org.gradle.internal.classloader.DefaultClassLoaderFactory                       : loaded 2 times (x 78B)
Class org.apache.commons.io.file.PathUtils                                            : loaded 2 times (x 67B)
Class com.google.common.base.CharMatcher$None                                         : loaded 2 times (x 108B)
Class org.gradle.internal.classloader.ClassLoaderVisitor                              : loaded 2 times (x 72B)
Class [Lcom.google.common.collect.ImmutableMapEntry;                                  : loaded 2 times (x 65B)
Class org.gradle.api.internal.classpath.EffectiveClassPath                            : loaded 2 times (x 86B)
Class [Lorg.apache.commons.io.StandardLineSeparator;                                  : loaded 2 times (x 65B)
Class org.apache.commons.io.output.StringBuilderWriter                                : loaded 2 times (x 96B)
Class com.google.common.collect.ImmutableRangeSet                                     : loaded 2 times (x 111B)
Class com.google.common.collect.ImmutableEnumMap                                      : loaded 2 times (x 121B)
Class com.google.common.collect.ListMultimap                                          : loaded 2 times (x 66B)
Class com.google.common.collect.Iterators$EmptyModifiableIterator                     : loaded 2 times (x 82B)
Class com.google.common.collect.Sets$1                                                : loaded 2 times (x 135B)
Class org.objectweb.asm.AnnotationVisitor                                             : loaded 2 times (x 74B)
Class com.google.common.base.Splitter                                                 : loaded 2 times (x 68B)
Class org.gradle.api.internal.DefaultClassPathProvider                                : loaded 2 times (x 72B)
Class org.apache.commons.io.FilenameUtils                                             : loaded 2 times (x 67B)
Class com.google.common.collect.MapMakerInternalMap$Strength$1                        : loaded 2 times (x 76B)
Class com.google.common.collect.Maps$ViewCachingAbstractMap                           : loaded 2 times (x 121B)
Class com.google.common.collect.Sets$2                                                : loaded 2 times (x 135B)
Class [Lorg.gradle.api.internal.ClassPathProvider;                                    : loaded 2 times (x 65B)
Class org.gradle.api.internal.ClassPathProvider                                       : loaded 2 times (x 66B)
Class com.google.common.collect.MapMakerInternalMap$Strength$2                        : loaded 2 times (x 76B)
Class [Lorg.objectweb.asm.AnnotationVisitor;                                          : loaded 2 times (x 65B)
Class com.google.common.collect.Sets$3                                                : loaded 2 times (x 135B)
Class com.google.common.util.concurrent.AbstractFuture$SafeAtomicHelper               : loaded 2 times (x 75B)
Class com.google.common.cache.LocalCache$LocalLoadingCache                            : loaded 2 times (x 130B)
Class com.google.common.base.AbstractIterator$State                                   : loaded 2 times (x 75B)
Class org.gradle.internal.service.UnknownServiceException                             : loaded 2 times (x 79B)
Class com.google.common.io.ByteArrayDataInput                                         : loaded 2 times (x 66B)
Class com.google.common.collect.MapMakerInternalMap$StrongValueEntry                  : loaded 2 times (x 66B)
Class com.google.common.collect.Sets$4                                                : loaded 2 times (x 135B)
Class org.objectweb.asm.ModuleVisitor                                                 : loaded 2 times (x 77B)
Class com.google.common.cache.LocalCache$Strength$1                                   : loaded 2 times (x 77B)
Class org.apache.commons.io.output.QueueOutputStream                                  : loaded 2 times (x 83B)
Class com.google.common.util.concurrent.SettableFuture                                : loaded 2 times (x 110B)
Class com.google.common.cache.LocalCache$Strength$2                                   : loaded 2 times (x 77B)
Class com.google.common.io.ByteStreams                                                : loaded 2 times (x 67B)
Class com.google.common.collect.Interners$InternerImpl                                : loaded 2 times (x 71B)
Class com.google.common.collect.Interner                                              : loaded 2 times (x 66B)
Class com.google.common.collect.TransformedIterator                                   : loaded 2 times (x 76B)
Class com.google.common.cache.LocalCache$Strength$3                                   : loaded 2 times (x 77B)
Class com.google.common.collect.MapDifference                                         : loaded 2 times (x 66B)
Class com.google.common.base.Splitter$1                                               : loaded 2 times (x 73B)
Class com.google.common.collect.MapMaker$Dummy                                        : loaded 2 times (x 75B)
Class org.objectweb.asm.FieldWriter                                                   : loaded 2 times (x 74B)
Class com.google.common.cache.CacheBuilder$NullListener                               : loaded 2 times (x 78B)
Class org.gradle.internal.classpath.TransformedClassPath                              : loaded 2 times (x 92B)
Class org.gradle.internal.classloader.InstrumentingClassLoader                        : loaded 2 times (x 66B)
Class com.google.common.collect.ImmutableListMultimap                                 : loaded 2 times (x 172B)
Class org.apache.commons.io.output.UnsynchronizedByteArrayOutputStream                : loaded 2 times (x 98B)
Class com.google.common.collect.ImmutableRangeSet$AsSet                               : loaded 2 times (x 295B)
Class com.google.common.cache.CacheLoader$FunctionToCacheLoader                       : loaded 2 times (x 71B)
Class com.google.common.collect.Iterators$ArrayItr                                    : loaded 2 times (x 93B)
Class com.google.common.collect.ImmutableCollection$Builder                           : loaded 2 times (x 72B)
Class com.google.common.collect.EmptyImmutableListMultimap                            : loaded 2 times (x 172B)
Class com.google.common.collect.BaseImmutableMultimap                                 : loaded 2 times (x 119B)
Class org.apache.commons.io.output.ByteArrayOutputStream                              : loaded 2 times (x 98B)
Class com.google.common.base.Joiner                                                   : loaded 2 times (x 75B)
Class com.google.common.base.MoreObjects                                              : loaded 2 times (x 67B)
Class [Lorg.objectweb.asm.Attribute;                                                  : loaded 2 times (x 65B)
Class [Lorg.objectweb.asm.Type;                                                       : loaded 2 times (x 65B)
Class com.google.common.collect.Platform                                              : loaded 2 times (x 67B)
Class com.google.common.collect.UnmodifiableIterator                                  : loaded 2 times (x 76B)
Class org.gradle.internal.service.ServiceLocator                                      : loaded 2 times (x 66B)
Class org.apache.commons.io.FileExistsException                                       : loaded 2 times (x 78B)
Class com.google.common.base.Ascii                                                    : loaded 2 times (x 67B)
Class com.google.common.collect.SingletonImmutableBiMap                               : loaded 2 times (x 139B)
Class com.google.common.cache.LocalCache$1                                            : loaded 2 times (x 85B)
Class com.google.common.collect.AbstractMapEntry                                      : loaded 2 times (x 77B)
Class org.apache.commons.io.function.IOSupplier                                       : loaded 2 times (x 66B)
Class com.google.common.collect.MapMakerInternalMap$AbstractStrongKeyEntry            : loaded 2 times (x 76B)
Class com.google.common.collect.Sets$ImprovedAbstractSet                              : loaded 2 times (x 131B)
Class com.google.common.collect.ImmutableList$Builder                                 : loaded 2 times (x 73B)
Class com.google.common.cache.LocalCache$2                                            : loaded 2 times (x 138B)
Class com.google.common.collect.AbstractMultimap                                      : loaded 2 times (x 119B)
Class com.google.common.collect.ImmutableRangeSet$1                                   : loaded 2 times (x 205B)
Class com.google.common.util.concurrent.AbstractFuture$UnsafeAtomicHelper$1           : loaded 2 times (x 72B)
Class com.google.common.collect.RegularImmutableAsList                                : loaded 2 times (x 212B)
Class com.google.common.base.Optional                                                 : loaded 2 times (x 76B)
Class com.google.common.collect.Range                                                 : loaded 2 times (x 83B)
Class com.google.common.util.concurrent.AbstractFuture$Trusted                        : loaded 2 times (x 66B)
Class com.google.common.collect.Iterators                                             : loaded 2 times (x 67B)
Class com.google.common.base.CharMatcher$RangesMatcher                                : loaded 2 times (x 108B)
Class com.google.common.io.FileWriteMode                                              : loaded 2 times (x 75B)
Class com.google.common.io.ByteSink$AsCharSink                                        : loaded 2 times (x 76B)
Class com.google.common.util.concurrent.UncheckedExecutionException                   : loaded 2 times (x 78B)
Class com.google.common.collect.Lists$StringAsImmutableList                           : loaded 2 times (x 203B)
Class com.google.common.collect.ImmutableSortedSetFauxverideShim                      : loaded 2 times (x 143B)
Class com.google.common.base.CharMatcher$JavaLetterOrDigit                            : loaded 2 times (x 107B)
Class org.gradle.internal.InternalTransformer                                         : loaded 2 times (x 66B)
Class com.google.common.collect.AbstractMapBasedMultimap$KeySet$1                     : loaded 2 times (x 78B)
Class org.objectweb.asm.ClassWriter                                                   : loaded 2 times (x 102B)
Class com.google.common.cache.CacheLoader$UnsupportedLoadingOperationException        : loaded 2 times (x 78B)
Class com.google.common.base.CharMatcher$And                                          : loaded 2 times (x 108B)
Class org.gradle.internal.classloader.ClasspathUtil$1                                 : loaded 2 times (x 72B)
Class com.google.common.base.Objects                                                  : loaded 2 times (x 67B)
Class org.objectweb.asm.FieldVisitor                                                  : loaded 2 times (x 73B)
Class com.google.common.collect.IndexedImmutableSet                                   : loaded 2 times (x 146B)
Class com.google.common.collect.ImmutableMap$1                                        : loaded 2 times (x 77B)
Class com.google.common.collect.BiMap                                                 : loaded 2 times (x 66B)
Class org.gradle.api.internal.classpath.DefaultModuleRegistry$DefaultModule           : loaded 2 times (x 82B)
Class com.google.common.primitives.Ints                                               : loaded 2 times (x 67B)
Class com.google.common.collect.AbstractIterator                                      : loaded 2 times (x 78B)
Class com.google.common.math.MathPreconditions                                        : loaded 2 times (x 67B)
Class com.google.common.collect.Multiset                                              : loaded 2 times (x 66B)
Class com.google.common.collect.ArrayListMultimapGwtSerializationDependencies         : loaded 2 times (x 168B)
Class com.google.common.collect.ObjectArrays                                          : loaded 2 times (x 67B)
Class com.google.common.collect.AbstractIndexedListIterator                           : loaded 2 times (x 92B)
Class org.apache.commons.io.output.NullOutputStream                                   : loaded 2 times (x 81B)
Class com.google.common.collect.ImmutableMapEntrySet                                  : loaded 2 times (x 147B)
Class org.gradle.api.internal.classpath.Module                                        : loaded 2 times (x 66B)
Class com.google.common.cache.Weigher                                                 : loaded 2 times (x 66B)
Class org.gradle.api.internal.classpath.UnknownModuleException                        : loaded 2 times (x 78B)
Class com.google.common.base.Stopwatch                                                : loaded 2 times (x 68B)
Class com.google.common.cache.LocalCache$Strength                                     : loaded 2 times (x 77B)
Class com.google.common.cache.Cache                                                   : loaded 2 times (x 66B)
Class com.google.common.io.AppendableWriter                                           : loaded 2 times (x 96B)
Class org.apache.commons.io.filefilter.IOFileFilter                                   : loaded 2 times (x 66B)
Class com.google.common.io.Files$2                                                    : loaded 2 times (x 72B)
Class com.google.common.util.concurrent.AbstractFuture$Cancellation                   : loaded 2 times (x 68B)
Class com.google.common.collect.ImmutableMap$Builder                                  : loaded 2 times (x 78B)
Class com.google.common.base.NullnessCasts                                            : loaded 2 times (x 67B)
Class com.google.common.base.Present                                                  : loaded 2 times (x 77B)
Class com.google.common.collect.AbstractMapBasedMultimap$WrappedCollection$WrappedIterator: loaded 2 times (x 80B)
Class com.google.common.cache.RemovalListener                                         : loaded 2 times (x 66B)
Class org.gradle.api.internal.DefaultClassPathRegistry                                : loaded 2 times (x 72B)
Class com.google.common.collect.ImmutableMultimap$Keys                                : loaded 2 times (x 162B)
Class org.apache.commons.io.file.DeleteOption                                         : loaded 2 times (x 66B)
Class com.google.common.primitives.IntsMethodsForWeb                                  : loaded 2 times (x 67B)
Class com.google.common.collect.Multimap                                              : loaded 2 times (x 66B)
Class org.gradle.api.internal.ClassPathRegistry                                       : loaded 2 times (x 66B)
Class org.gradle.internal.classpath.DefaultClassPath$ImmutableUniqueList              : loaded 2 times (x 195B)
Class com.google.common.collect.MapMakerInternalMap$Segment                           : loaded 2 times (x 138B)
Class com.google.common.base.ExtraObjectsMethodsForWeb                                : loaded 2 times (x 67B)
Class org.apache.commons.io.IOUtils                                                   : loaded 2 times (x 67B)
Class [Lcom.google.common.collect.MapMakerInternalMap$Segment;                        : loaded 2 times (x 65B)
Class com.google.common.io.ByteSink                                                   : loaded 2 times (x 72B)
Class com.google.common.cache.CacheBuilder                                            : loaded 2 times (x 68B)
Class com.google.common.collect.SingletonImmutableList                                : loaded 2 times (x 203B)
Class Settings_gradle$1                                                               : loaded 2 times (x 70B)
Class org.gradle.internal.classpath.ClassPath                                         : loaded 2 times (x 66B)
Class org.gradle.api.UncheckedIOException                                             : loaded 2 times (x 78B)
Class com.google.common.collect.Interners$InternerBuilder                             : loaded 2 times (x 72B)
Class com.google.common.io.Files$FileByteSource                                       : loaded 2 times (x 81B)
Class com.google.common.collect.ImmutableList$ReverseImmutableList                    : loaded 2 times (x 204B)
Class com.google.common.base.JdkPattern                                               : loaded 2 times (x 71B)
Class com.google.common.io.CharStreams$NullWriter                                     : loaded 2 times (x 95B)
Class org.objectweb.asm.SymbolTable$Entry                                             : loaded 2 times (x 70B)
Class com.google.common.util.concurrent.AbstractFuture$AtomicHelper                   : loaded 2 times (x 74B)
Class Build_gradle$2$1                                                                : loaded 2 times (x 70B)
Class org.objectweb.asm.Edge                                                          : loaded 2 times (x 68B)
Class com.google.common.base.Suppliers$SupplierOfInstance                             : loaded 2 times (x 75B)
Class com.google.common.collect.Iterators$1                                           : loaded 2 times (x 77B)
Class com.google.common.cache.LocalCache$ComputingValueReference                      : loaded 2 times (x 92B)
Class com.google.common.collect.SingletonImmutableSet                                 : loaded 2 times (x 142B)
Class org.gradle.internal.classloader.FilteringClassLoader                            : loaded 2 times (x 101B)
Class com.google.common.cache.LocalCache$Segment                                      : loaded 2 times (x 150B)
Class com.google.common.collect.SortedIterable                                        : loaded 2 times (x 66B)
Class [Lorg.objectweb.asm.SymbolTable$Entry;                                          : loaded 2 times (x 65B)
Class com.google.common.cache.CacheLoader                                             : loaded 2 times (x 70B)
Class com.google.common.collect.Iterators$4                                           : loaded 2 times (x 78B)
Class com.google.common.collect.ImmutableBiMap                                        : loaded 2 times (x 139B)
Class com.google.common.collect.AbstractListMultimap                                  : loaded 2 times (x 168B)
Class org.gradle.internal.installation.GradleInstallation$1                           : loaded 2 times (x 71B)
Class org.gradle.api.internal.classpath.ModuleRegistry                                : loaded 2 times (x 66B)
Class org.apache.commons.io.output.NullWriter                                         : loaded 2 times (x 95B)
Class com.google.common.util.concurrent.internal.InternalFutureFailureAccess          : loaded 2 times (x 68B)
Class com.google.common.collect.Iterators$5                                           : loaded 2 times (x 78B)
Class com.google.common.collect.ImmutableSet$JdkBackedSetBuilderImpl                  : loaded 2 times (x 72B)
Class com.google.common.base.Splitter$SplittingIterator                               : loaded 2 times (x 80B)
Class com.google.common.collect.ImmutableMultimap$Values                              : loaded 2 times (x 122B)
Class com.google.common.io.Closer$SuppressingSuppressor                               : loaded 2 times (x 71B)
Class com.google.common.util.concurrent.AbstractFuture$UnsafeAtomicHelper             : loaded 2 times (x 74B)
Class com.google.common.cache.LocalCache$LocalManualCache$1                           : loaded 2 times (x 71B)
Class com.google.common.base.CharMatcher$ForPredicate                                 : loaded 2 times (x 108B)
Class com.google.common.collect.ImmutableCollection                                   : loaded 2 times (x 121B)
Class com.google.common.base.CharMatcher$AnyOf                                        : loaded 2 times (x 108B)
Class org.gradle.api.internal.classpath.DefaultModuleRegistry                         : loaded 2 times (x 82B)
Class com.google.common.util.concurrent.ListenableFuture                              : loaded 2 times (x 66B)
Class com.google.common.cache.ReferenceEntry                                          : loaded 2 times (x 66B)
Class com.google.common.collect.ImmutableSet$CachingAsList                            : loaded 2 times (x 143B)
Class com.google.common.base.Converter                                                : loaded 2 times (x 86B)
Class com.google.common.collect.Lists                                                 : loaded 2 times (x 67B)
Class com.google.common.base.CharMatcher$Any                                          : loaded 2 times (x 108B)
Class com.google.common.util.concurrent.AbstractFuture                                : loaded 2 times (x 102B)
Class com.google.common.base.FunctionalEquivalence                                    : loaded 2 times (x 79B)
Class com.google.common.collect.Iterators$9                                           : loaded 2 times (x 77B)
Class com.google.common.collect.AbstractMapBasedMultimap                              : loaded 2 times (x 135B)
Class com.google.common.collect.ImmutableAsList                                       : loaded 2 times (x 205B)
Class com.google.common.io.CharStreams                                                : loaded 2 times (x 67B)
Class com.google.common.collect.ImmutableMultiset                                     : loaded 2 times (x 159B)
Class org.objectweb.asm.RecordComponentVisitor                                        : loaded 2 times (x 73B)
Class com.google.common.cache.CacheLoader$SupplierToCacheLoader                       : loaded 2 times (x 71B)
Class com.google.common.collect.Maps$EntryTransformer                                 : loaded 2 times (x 66B)
Class org.gradle.internal.service.ServiceLookupException                              : loaded 2 times (x 78B)
Class com.google.common.collect.ImmutableSortedSet                                    : loaded 2 times (x 295B)
Class [Lcom.google.common.cache.LocalCache$EntryFactory;                              : loaded 2 times (x 65B)
Class com.google.common.base.CharMatcher$JavaLetter                                   : loaded 2 times (x 107B)
Class org.gradle.internal.classloader.ClassLoaderFactory                              : loaded 2 times (x 66B)
Class com.google.common.collect.ImmutableMap$SerializedForm                           : loaded 2 times (x 69B)
Class org.apache.commons.io.CloseableURLConnection                                    : loaded 2 times (x 112B)
Class com.google.common.cache.LocalCache$LocalManualCache                             : loaded 2 times (x 95B)
Class com.google.common.base.CharMatcher$IsNot                                        : loaded 2 times (x 107B)
Class com.google.common.base.CommonPattern                                            : loaded 2 times (x 70B)
Class org.gradle.internal.service.CachingServiceLocator                               : loaded 2 times (x 78B)
Class com.google.common.collect.AbstractMapBasedMultimap$KeySet                       : loaded 2 times (x 133B)
Class com.google.common.collect.RegularImmutableSortedSet                             : loaded 2 times (x 295B)
Class com.google.common.math.IntMath                                                  : loaded 2 times (x 67B)
Class com.google.common.collect.MapMakerInternalMap$InternalEntry                     : loaded 2 times (x 66B)
Class com.google.common.collect.Iterators$10                                          : loaded 2 times (x 77B)
Class com.google.common.collect.ImmutableMapEntry                                     : loaded 2 times (x 81B)
Class com.google.common.base.CharMatcher$JavaDigit                                    : loaded 2 times (x 107B)
Class com.google.common.collect.ImmutableMultimap                                     : loaded 2 times (x 143B)
Class com.google.common.base.Equivalence                                              : loaded 2 times (x 78B)
Class com.google.common.collect.ImmutableMapEntry$NonTerminalImmutableMapEntry        : loaded 2 times (x 81B)
Class com.google.common.base.Function                                                 : loaded 2 times (x 66B)
Class org.apache.commons.io.output.AbstractByteArrayOutputStream                      : loaded 2 times (x 98B)
Class com.google.common.collect.IndexedImmutableSet$1                                 : loaded 2 times (x 208B)
Class com.google.common.cache.CacheBuilder$OneWeigher                                 : loaded 2 times (x 78B)
Class com.google.common.collect.RegularImmutableList                                  : loaded 2 times (x 208B)
Class org.gradle.kotlin.dsl.TestImplementationConfigurationAccessorsKt                : loaded 2 times (x 67B)
Class com.google.common.collect.ImmutableBiMapFauxverideShim                          : loaded 2 times (x 116B)
Class org.gradle.internal.classloader.ClasspathUtil                                   : loaded 2 times (x 67B)
Class com.google.common.base.Charsets                                                 : loaded 2 times (x 67B)
Class com.google.common.util.concurrent.Uninterruptibles                              : loaded 2 times (x 67B)
Class com.google.common.collect.Maps                                                  : loaded 2 times (x 67B)
Class com.google.common.base.CharMatcher$JavaUpperCase                                : loaded 2 times (x 107B)
Class org.gradle.api.specs.Spec                                                       : loaded 2 times (x 66B)
Class com.google.common.collect.MapMaker                                              : loaded 2 times (x 68B)
Class org.apache.commons.io.file.PathFilter                                           : loaded 2 times (x 66B)
Class [Lcom.google.common.collect.ImmutableEntry;                                     : loaded 2 times (x 65B)
Class com.google.common.cache.LocalCache$LoadingValueReference                        : loaded 2 times (x 92B)
Class com.google.common.collect.RegularImmutableMap$KeySet                            : loaded 2 times (x 146B)
Class com.google.common.io.LineReader$1                                               : loaded 2 times (x 71B)
Class com.google.common.collect.CollectSpliterators                                   : loaded 2 times (x 67B)
Class com.google.common.collect.AbstractMapBasedMultimap$AsMap                        : loaded 2 times (x 124B)
Class com.google.common.collect.MapMakerInternalMap$StrongKeyDummyValueEntry          : loaded 2 times (x 78B)
Class com.google.common.base.Platform                                                 : loaded 2 times (x 67B)
Class com.google.common.base.Equivalence$Identity                                     : loaded 2 times (x 78B)
Class com.google.common.collect.AbstractMapBasedMultimap$WrappedList                  : loaded 2 times (x 201B)
Class [Lorg.objectweb.asm.AnnotationWriter;                                           : loaded 2 times (x 65B)
Class com.google.common.primitives.Ints$IntConverter                                  : loaded 2 times (x 86B)
Class com.google.common.collect.Maps$8                                                : loaded 2 times (x 78B)
Class com.google.common.base.PairwiseEquivalence                                      : loaded 2 times (x 79B)
Class [Lcom.google.common.collect.Iterators$EmptyModifiableIterator;                  : loaded 2 times (x 65B)
Class com.google.common.collect.ImmutableRangeSet$Builder                             : loaded 2 times (x 73B)
Class com.google.common.collect.Sets$SetView                                          : loaded 2 times (x 134B)
Class com.google.common.cache.LocalCache$StrongValueReference                         : loaded 2 times (x 86B)
Class com.google.common.util.concurrent.AbstractFuture$SynchronizedHelper             : loaded 2 times (x 74B)
Class com.google.common.base.CharMatcher$Invisible                                    : loaded 2 times (x 108B)
Class com.google.common.graph.SuccessorsFunction                                      : loaded 2 times (x 66B)
Class org.objectweb.asm.Type                                                          : loaded 2 times (x 68B)
Class org.gradle.internal.classloader.VisitableURLClassLoader$InstrumentingVisitableURLClassLoader: loaded 2 times (x 119B)
Class com.google.common.collect.MapMakerInternalMap$StrongKeyDummyValueEntry$Helper   : loaded 2 times (x 75B)
Class org.apache.commons.io.FileUtils                                                 : loaded 2 times (x 67B)
Class com.google.common.io.Files$FileByteSink                                         : loaded 2 times (x 73B)
Class org.objectweb.asm.ByteVector                                                    : loaded 2 times (x 75B)
Class [Lcom.google.common.cache.CacheBuilder$NullListener;                            : loaded 2 times (x 65B)
Class com.google.common.math.IntMath$1                                                : loaded 2 times (x 67B)
Class org.gradle.internal.classloader.VisitableURLClassLoader$Spec                    : loaded 2 times (x 70B)
Class org.gradle.internal.classpath.DefaultClassPath                                  : loaded 2 times (x 86B)
Class org.objectweb.asm.Symbol                                                        : loaded 2 times (x 69B)
Class com.google.common.base.AbstractIterator                                         : loaded 2 times (x 76B)
Class com.google.common.io.Java8Compatibility                                         : loaded 2 times (x 67B)
Class com.google.common.io.Closer                                                     : loaded 2 times (x 74B)
Class com.google.common.collect.RegularImmutableMap$Values                            : loaded 2 times (x 203B)
Class com.google.common.collect.ImmutableSet                                          : loaded 2 times (x 141B)
Class com.google.common.base.CharMatcher$BitSetMatcher                                : loaded 2 times (x 108B)
Class com.google.common.base.CharMatcher$Ascii                                        : loaded 2 times (x 108B)
Class org.gradle.internal.classloader.ClassLoaderSpec                                 : loaded 2 times (x 67B)
Class org.objectweb.asm.AnnotationWriter                                              : loaded 2 times (x 75B)
Class com.google.common.cache.CacheStats                                              : loaded 2 times (x 67B)
Class com.google.common.collect.ImmutableMultisetGwtSerializationDependencies         : loaded 2 times (x 121B)
Class com.google.common.collect.Interners                                             : loaded 2 times (x 67B)
Class com.google.common.io.LineProcessor                                              : loaded 2 times (x 66B)
Class com.google.common.io.Closer$Suppressor                                          : loaded 2 times (x 66B)
Class org.objectweb.asm.RecordComponentWriter                                         : loaded 2 times (x 74B)
Class com.google.common.util.concurrent.AbstractFuture$Listener                       : loaded 2 times (x 68B)
Class com.google.common.base.CharMatcher$Or                                           : loaded 2 times (x 108B)
Class Settings_gradle$1$1                                                             : loaded 2 times (x 70B)
Class [Lorg.objectweb.asm.Label;                                                      : loaded 2 times (x 65B)
Class org.objectweb.asm.Attribute                                                     : loaded 2 times (x 73B)
Class com.google.common.base.Supplier                                                 : loaded 2 times (x 66B)
Class org.gradle.internal.classloader.VisitableURLClassLoader                         : loaded 2 times (x 113B)
Class com.google.common.util.concurrent.AbstractFuture$Waiter                         : loaded 2 times (x 68B)
Class Settings_gradle                                                                 : loaded 2 times (x 124B)
Class org.gradle.internal.Cast                                                        : loaded 2 times (x 67B)
Class org.gradle.api.Action                                                           : loaded 2 times (x 66B)
Class com.google.common.collect.MapMakerInternalMap                                   : loaded 2 times (x 157B)
Class com.google.common.base.Strings                                                  : loaded 2 times (x 67B)
Class com.google.common.collect.Sets                                                  : loaded 2 times (x 67B)
Class org.objectweb.asm.Handler                                                       : loaded 2 times (x 68B)
Class com.google.common.base.Ticker                                                   : loaded 2 times (x 68B)
Class com.google.common.base.CharMatcher$FastMatcher                                  : loaded 2 times (x 107B)
Class [Lcom.google.common.cache.LocalCache$Segment;                                   : loaded 2 times (x 65B)
Class [Lcom.google.common.cache.LocalCache$Strength;                                  : loaded 2 times (x 65B)
Class com.google.common.cache.CacheBuilder$1                                          : loaded 2 times (x 81B)
Class com.google.common.collect.ImmutableMap                                          : loaded 2 times (x 116B)
Class com.google.common.base.Predicate                                                : loaded 2 times (x 66B)
Class org.gradle.internal.classpath.DefaultClassPath$ImmutableUniqueList$Builder      : loaded 2 times (x 71B)
Class com.google.common.collect.MapMakerInternalMap$WeakValueReference                : loaded 2 times (x 66B)
Class com.google.common.collect.AbstractRangeSet                                      : loaded 2 times (x 110B)
Class com.google.common.cache.LocalCache                                              : loaded 2 times (x 183B)
Class com.google.common.cache.CacheBuilder$2                                          : loaded 2 times (x 75B)
Class com.google.common.base.CharMatcher$NegatedFastMatcher                           : loaded 2 times (x 109B)
Class com.google.common.cache.CacheBuilder$3                                          : loaded 2 times (x 68B)
Class [Lcom.google.common.collect.AbstractMapEntry;                                   : loaded 2 times (x 65B)
Class com.google.common.collect.ImmutableEntry                                        : loaded 2 times (x 78B)
Class com.google.common.collect.ArrayListMultimap                                     : loaded 2 times (x 168B)
Class com.google.common.base.AbstractIterator$1                                       : loaded 2 times (x 67B)
Class com.google.common.base.CharMatcher$Digit                                        : loaded 2 times (x 108B)
Class org.gradle.api.GradleException                                                  : loaded 2 times (x 78B)
Class com.google.common.base.Suppliers$MemoizingSupplier                              : loaded 2 times (x 75B)
Class org.apache.commons.io.StandardLineSeparator                                     : loaded 2 times (x 75B)
Class com.google.common.collect.CollectPreconditions                                  : loaded 2 times (x 67B)
Class com.google.common.base.CharMatcher$JavaIsoControl                               : loaded 2 times (x 108B)
Class [Lcom.google.common.collect.MapMakerInternalMap$Strength;                       : loaded 2 times (x 65B)
Class [Lcom.google.common.io.FileWriteMode;                                           : loaded 2 times (x 65B)
Class com.google.common.collect.SortedMapDifference                                   : loaded 2 times (x 66B)
Class com.google.common.base.CharMatcher$JavaLowerCase                                : loaded 2 times (x 107B)
Class com.google.common.collect.MapMakerInternalMap$StrongKeyDummyValueSegment        : loaded 2 times (x 138B)
Class com.google.common.io.Files                                                      : loaded 2 times (x 67B)
Class com.google.common.cache.LocalCache$EntryFactory                                 : loaded 2 times (x 79B)
Class org.gradle.kotlin.dsl.Accessors9osmdt78klrrxidc9srcw3tsqKt                      : loaded 2 times (x 67B)
Class [Lcom.google.common.collect.MapMaker$Dummy;                                     : loaded 2 times (x 65B)
Class com.google.common.cache.LocalCache$AbstractReferenceEntry                       : loaded 2 times (x 103B)
Class com.google.common.base.Splitter$1$1                                             : loaded 2 times (x 82B)
Class com.google.common.base.CharMatcher$Whitespace                                   : loaded 2 times (x 108B)
Class org.gradle.internal.IoActions                                                   : loaded 2 times (x 67B)
Class com.google.common.collect.ImmutableMapKeySet                                    : loaded 2 times (x 146B)
Class com.google.common.collect.ImmutableRangeSet$ComplementRanges                    : loaded 2 times (x 203B)
Class org.objectweb.asm.SymbolTable                                                   : loaded 2 times (x 68B)
Class com.google.common.cache.CacheLoader$InvalidCacheLoadException                   : loaded 2 times (x 78B)
Class com.google.common.collect.ImmutableSet$RegularSetBuilderImpl                    : loaded 2 times (x 73B)
Class com.google.common.base.CharMatcher$SingleWidth                                  : loaded 2 times (x 108B)
Class org.gradle.internal.classloader.SystemClassLoaderSpec                           : loaded 2 times (x 67B)
Class com.google.common.cache.LocalCache$StrongEntry                                  : loaded 2 times (x 104B)
Class com.google.common.util.concurrent.AbstractFuture$TrustedFuture                  : loaded 2 times (x 110B)
Class com.google.common.cache.LoadingCache                                            : loaded 2 times (x 66B)
Class com.google.common.collect.ImmutableMap$IteratorBasedImmutableMap                : loaded 2 times (x 121B)
Class com.google.common.io.ByteStreams$LimitedInputStream                             : loaded 2 times (x 88B)
Class com.google.common.base.Suppliers$NonSerializableMemoizingSupplier               : loaded 2 times (x 75B)
Class org.objectweb.asm.MethodWriter                                                  : loaded 2 times (x 102B)
Class [Lcom.google.common.cache.Weigher;                                              : loaded 2 times (x 65B)
Class com.google.common.collect.RegularImmutableMap$BucketOverflowException           : loaded 2 times (x 78B)
Class com.google.common.collect.ImmutableMultimap$1                                   : loaded 2 times (x 78B)
Class com.google.common.collect.AbstractMapBasedMultimap$RandomAccessWrappedList      : loaded 2 times (x 201B)
Class com.google.common.collect.ImmutableMultimap$2                                   : loaded 2 times (x 77B)
Class com.google.common.collect.RegularImmutableBiMap                                 : loaded 2 times (x 144B)
Class com.google.common.cache.LocalCache$ValueReference                               : loaded 2 times (x 66B)
Class com.google.common.base.CharMatcher$Negated                                      : loaded 2 times (x 109B)
Class com.google.common.base.CharMatcher$Is                                           : loaded 2 times (x 107B)
Class com.google.common.base.PatternCompiler                                          : loaded 2 times (x 66B)
Class com.google.common.util.concurrent.AbstractFuture$Failure                        : loaded 2 times (x 68B)
Class com.google.common.base.Equivalence$Equals                                       : loaded 2 times (x 78B)
Class com.google.common.collect.Hashing                                               : loaded 2 times (x 67B)
Class com.google.common.base.Preconditions                                            : loaded 2 times (x 67B)
Class com.google.common.collect.ImmutableSetMultimap                                  : loaded 2 times (x 176B)
Class [Lorg.apache.commons.io.file.DeleteOption;                                      : loaded 2 times (x 65B)
Class com.google.common.io.CharSink                                                   : loaded 2 times (x 75B)
Class com.google.common.base.Joiner$1                                                 : loaded 2 times (x 76B)
Class org.objectweb.asm.Label                                                         : loaded 2 times (x 69B)
Class org.objectweb.asm.CurrentFrame                                                  : loaded 2 times (x 69B)
Class org.objectweb.asm.ClassTooLargeException                                        : loaded 2 times (x 79B)
Class com.google.common.collect.PeekingIterator                                       : loaded 2 times (x 66B)
Class com.google.common.base.CharMatcher                                              : loaded 2 times (x 107B)
Class com.google.common.collect.MapMakerInternalMap$InternalEntryHelper               : loaded 2 times (x 66B)
Class com.google.common.collect.Table                                                 : loaded 2 times (x 66B)
Class com.google.common.collect.Maps$IteratorBasedAbstractMap                         : loaded 2 times (x 121B)
Class com.google.common.collect.RangeGwtSerializationDependencies                     : loaded 2 times (x 67B)
Class com.google.common.base.Joiner$2                                                 : loaded 2 times (x 75B)
Class org.objectweb.asm.Frame                                                         : loaded 2 times (x 69B)
Class org.objectweb.asm.MethodVisitor                                                 : loaded 2 times (x 101B)
Class com.google.common.cache.LocalCache$EntryFactory$1                               : loaded 2 times (x 79B)
Class [Lcom.google.common.cache.RemovalListener;                                      : loaded 2 times (x 65B)
Class com.google.common.base.CharMatcher$1                                            : loaded 2 times (x 109B)
Class com.google.common.base.CharMatcher$NamedFastMatcher                             : loaded 2 times (x 108B)
Class com.google.common.collect.RangeSet                                              : loaded 2 times (x 66B)
Class com.google.common.cache.LocalCache$EntryFactory$2                               : loaded 2 times (x 79B)
Class org.gradle.api.internal.classpath.GlobalCacheRootsProvider                      : loaded 2 times (x 66B)
Class com.google.common.collect.CollectCollectors                                     : loaded 2 times (x 67B)
Class org.objectweb.asm.ModuleWriter                                                  : loaded 2 times (x 78B)
Class com.google.common.cache.LocalCache$EntryFactory$3                               : loaded 2 times (x 79B)
Class com.google.common.base.Ticker$1                                                 : loaded 2 times (x 68B)
Class com.google.common.collect.ImmutableMapEntrySet$RegularEntrySet                  : loaded 2 times (x 147B)
Class com.google.common.collect.Maps$BiMapConverter                                   : loaded 2 times (x 86B)
Class com.google.common.collect.SetMultimap                                           : loaded 2 times (x 66B)
Class com.google.common.cache.LocalCache$EntryFactory$4                               : loaded 2 times (x 79B)
Class com.google.common.collect.ImmutableSet$Builder                                  : loaded 2 times (x 81B)
Class com.google.common.base.CharMatcher$InRange                                      : loaded 2 times (x 107B)
Class com.google.common.io.ByteStreams$1                                              : loaded 2 times (x 81B)
Class com.google.common.cache.LocalCache$EntryFactory$5                               : loaded 2 times (x 79B)
Class com.google.common.io.LineReader                                                 : loaded 2 times (x 68B)
Class org.apache.commons.io.output.AppendableWriter                                   : loaded 2 times (x 96B)
Class com.google.common.cache.LocalCache$EntryFactory$6                               : loaded 2 times (x 79B)
Class org.gradle.internal.installation.CurrentGradleInstallationLocator               : loaded 2 times (x 67B)
Class com.google.common.collect.ImmutableMultimap$Builder                             : loaded 2 times (x 79B)
Class org.objectweb.asm.ClassReader                                                   : loaded 2 times (x 90B)
Class org.apache.commons.io.output.ThresholdingOutputStream                           : loaded 2 times (x 91B)
Class com.google.common.collect.Maps$KeySet                                           : loaded 2 times (x 133B)
Class com.google.common.cache.LocalCache$EntryFactory$7                               : loaded 2 times (x 79B)
Class com.google.common.collect.ImmutableSet$EmptySetBuilderImpl                      : loaded 2 times (x 72B)
Class com.google.common.collect.ImmutableList                                         : loaded 2 times (x 202B)
Class org.gradle.internal.service.DefaultServiceLocator                               : loaded 2 times (x 79B)
Class com.google.common.collect.ImmutableMultimap$EntryCollection                     : loaded 2 times (x 123B)
Class com.google.common.collect.Maps$EntrySet                                         : loaded 2 times (x 132B)
Class com.google.common.cache.LocalCache$EntryFactory$8                               : loaded 2 times (x 79B)
Class com.google.common.collect.ImmutableSet$SetBuilderImpl                           : loaded 2 times (x 72B)
Class org.gradle.internal.installation.CurrentGradleInstallation                      : loaded 2 times (x 69B)
Class com.google.common.cache.CacheLoader$1                                           : loaded 2 times (x 71B)
Class com.google.common.collect.ForwardingObject                                      : loaded 2 times (x 68B)
Class com.google.common.collect.ImmutableList$SubList                                 : loaded 2 times (x 204B)
Class org.gradle.util.internal.GUtil                                                  : loaded 2 times (x 67B)
Class com.google.common.io.ByteSource                                                 : loaded 2 times (x 80B)
Class com.google.common.util.concurrent.AbstractFuture$SetFuture                      : loaded 2 times (x 71B)
Class com.google.common.cache.AbstractCache$StatsCounter                              : loaded 2 times (x 66B)
Class com.google.common.io.LineBuffer                                                 : loaded 2 times (x 71B)
Class com.google.common.collect.MapMakerInternalMap$1                                 : loaded 2 times (x 79B)
Class org.objectweb.asm.Context                                                       : loaded 2 times (x 68B)
Class com.google.common.collect.Iterators$MergingIterator                             : loaded 2 times (x 77B)
Class com.google.common.collect.RegularImmutableSet                                   : loaded 2 times (x 144B)
Class org.gradle.internal.installation.GradleInstallation                             : loaded 2 times (x 71B)
Class com.google.common.collect.Iterables                                             : loaded 2 times (x 67B)
Class com.google.common.base.Splitter$Strategy                                        : loaded 2 times (x 66B)

---------------  S Y S T E M  ---------------

OS:
 Windows 11 , 64 bit Build 26100 (10.0.26100.6725)
OS uptime: 14 days 15:39 hours
Hyper-V role detected

CPU: total 8 (initial active 8) (4 cores per cpu, 2 threads per core) family 6 model 140 stepping 1 microcode 0x86, cx8, cmov, fxsr, ht, mmx, 3dnowpref, sse, sse2, sse3, ssse3, sse4.1, sse4.2, popcnt, lzcnt, tsc, tscinvbit, avx, avx2, aes, erms, clmul, bmi1, bmi2, adx, avx512f, avx512dq, avx512cd, avx512bw, avx512vl, sha, fma, vzeroupper, avx512_vpopcntdq, avx512_vpclmulqdq, avx512_vaes, avx512_vnni, clflush, clflushopt, clwb, avx512_vbmi2, avx512_vbmi, hv, rdtscp, rdpid, fsrm, gfni, avx512_bitalg, f16c, cet_ibt, cet_ss, avx512_ifma
Processor Information for all 8 processors :
  Max Mhz: 2419, Current Mhz: 2419, Mhz Limit: 2419

Memory: 4k page, system-wide physical 24257M (1967M free)
TotalPageFile size 37518M (AvailPageFile size 37M)
current process WorkingSet (physical memory assigned to process): 898M, peak: 899M
current process commit charge ("private bytes"): 932M, peak: 1353M

vm_info: OpenJDK 64-Bit Server VM (21.0.5+-12932927-b750.29) for windows-amd64 JRE (21.0.5+-12932927-b750.29), built on 2025-01-17T02:01:10Z by "builder" with MS VC++ 16.10 / 16.11 (VS2019)

END.
